fighter_id,name
9e8f6c728eb01124,Justin Gaethje
54f64b5e283b0ce7,Ilia Topuria
787bb1f087ccff8a,Ciryl Gane
e5549c82bfb5582d,Alex Pereira
b50a426a33da0012,Sean O'Malley
24656ef4d605c96f,Aiemann Zahabi
955da1675ad58a50,Josh Hokit
d3df1add9d9a7efb,Derrick Lewis
9c393e836a852f30,Mauricio Ruffy
4b93a88f3b1de35b,Michael Chandler
35673bf5204524ee,Bo Nickal
d6c0cdd7e467c440,Kyle Daukaus
f166e93d04a8c274,Diego Lopes
97cf1a2c7c5e7889,Steve Garcia
01641ba5df0c69b0,Gabriel Bonfim
b1b0729d27936f2f,Belal Muhammad
2f181c0467965b98,Brendan Allen
4144798612ef96e5,Edmen Shahbazyan
6c3b2525436cf5d4,Tom Nolan
1e4f273069fb9e85,Fares Ziam
d9c6f19f958643e9,Bryce Mitchell
faf317c665546a36,Santiago Luna
1c23ec2f1b71be40,Iwo Baraniewski
c15fa95b9a12fde4,Junior Tafa
3fa97913cfd205d3,Alessandro Costa
67c1d46f4ed16f9e,Matt Schnell
c0ac37a4a1133da9,Marcus McGhee
450bcab0968562c4,John Yannis
5ef94841c4bc3f86,Edgar Chairez
294aa73dbf37d281,Bruno Silva
af9efbfd63d39734,Chelsea Chandler
b1e5bcaad32a3cac,Priscila Cachoeira
791c8437b341fba5,Joanderson Brito
ac026518a9b4dc0f,Jordan Leavitt
8061a3136026a673,Jeisla Chaves
c3d2b9bcb4cead6b,Yuneisy Duben
8bd4200561c77a62,Ketlen Souza
c0d5c0c95c59050b,Ariane Carnelossi
efb96bf3e9ada36f,Song Yadong
aa72b0f831d0bfe5,Deiveson Figueiredo
a495f599e787614f,Alonzo Menifield
8a65fd9ba31fd3f7,Zhang Mingyang
f14cf73e51b29254,Sergei Pavlovich
17923f676f100e16,Tallison Teixeira
d33da8a3d82bdb62,Kai Asakura
5c84f673b7bb7c15,Cameron Smotherman
a845f0735bc67405,Jake Matthews
a53d30163304aa6e,Carlston Harris
ab2b4ff41d6ebe0f,Alex Perez
3cf18e01cb6cbde3,Sumudaerji
33a86e839ad202d8,Luis Felipe Dias
e6666480a830f764,YiSak Lee
20a0e4cc5227c117,Jose Souza
e0664abaa023fd6f,Ding Meng
8e6654e9f0461b8f,Cody Haddon
7d420039bbfe7c1a,Aoriqileng
2f43a3e82661fa99,Rei Tsuruya
29162be25ebef5f0,Luis Gurule
f0feeb2192937424,Angela Hill
2cdb479a0ef0ee1d,Xiong Jingnan
2b266e623e20737a,Rodrigo Vera
6f4ec5aa3eced219,Zhu Kangjie
bc7d1ad49fcb2d08,Jaqueline Amorim
4e30e4250cb08b61,Loma Lookboonmee
040a74bb0a465c54,Arnold Allen
20bccc9bb4ceb23e,Melquizael Costa
e93b04e308913c2e,Dooho Choi
b67d6bacc68d4c92,Daniel Santos
74939a16c7b56f33,Juan Diaz
2e45d08b3f2f02c8,Malcolm Wellmaker
476fe566d2df676e,Modestas Bukauskas
f5d82eccdea4e2dd,Christian Edwards
b6c37948cb226e8c,Benardo Sopaj
0e46690e55a8df75,Timmy Cuamba
2558ae2e5671e318,Khaos Williams
0f1efce7d2571d10,Nikolay Veretennikov
64ad3e3b0efa30bb,Ivan Erslan
3e8118c1ab52f211,Tuco Tokkos
de83f920fd302871,Tommy Gantt
20d37922ba85e6fc,Artur Minev
b9706f80d005036c,Ketlen Vieira
e3964ece586e0635,Jacqueline Cavalcanti
f14f644d41ade29f,Cody Brundage
5f61780fe5e9b6d0,Andre Petroski
87f8699fdcc2c404,Alice Ardelean
9673a497a9da119a,Polyana Viana
e8fe9c15d348e778,Daniel Barez
fc0a4053eb8a3a59,Nicolle Caliari
9c442aaf149ea982,Shauna Bannon
0d8011111be000b2,Sean Strickland
767755fd74662dbf,Khamzat Chimaev
17e97649403ba428,Joshua Van
4461d7e47375a895,Tatsuro Taira
279566840aa55bf2,Alexander Volkov
fc08099550072fe4,Waldo Cortes Acosta
45f7cb591c3ab00b,Sean Brady
b9437600497350f3,Joaquin Buckley
887961364be5ceb3,King Green
18968f97ad34f15c,Jeremy Stephens
2f815ed5f8278ba6,Ateba Gautier
6967153c7edb4d87,Ozzy Diaz
f139d6836efd43dd,Yaroslav Amosov
58bbef3770bb2dfc,Joel Alvarez
99bd51917728c25d,Grant Dawson
849c5d9979df5357,Mateusz Rebecki
d1941565abf50b16,Jim Miller
7026eca45f65377b,Jared Gordon
9d83f6da776ff7d6,Roman Kopylov
9384e71bca6c409d,Marco Tulio
b8bbdeff718dbb7d,Pat Sabatini
e1d40e8782d80bc2,William Gomis
d1feea7a4bdcd503,Baisangur Susurkaev
312f7d7b2b2f7de4,Djorden Santos
88be62d6c1e6dadb,Jose Ochoa
b62d5280966b2460,Clayton Carpenter
7ee0fd831c0fe7c3,Carlos Prates
6b453bc35a823c3f,Jack Della Maddalena
17734443a833cdf7,Quillan Salkilld
08af939f41b5a57b,Beneil Dariush
32ab52e5de93092d,Steve Erceg
c96d9178c9ed9e62,Tim Elliott
6eedb757f13b9978,Marwan Rahiki
b701f095e6ccb149,Ollie Schmid
d0fd0d9ee560dae7,Brando Pericic
6747ccd6d1acd266,Shamil Gaziev
cdb7b38b1b357f26,Louie Sutherland
c62fbc117d57b943,Tai Tuivasa
8ebc3a8da015d70c,Cam Rowston
f96856f9d69fd7e4,Robert Bryczek
7e9b36a9847db116,Kevin Christian
d4270315cbcf2569,Jacob Malkoun
6ac9bc2953c47345,Gerald Meerschaert
ed7d329d7c29428d,Colby Thicknesse
37098a6e6c27fb66,Vince Morales
b4443fae47e7eb9d,Wes Schultz
3261aa79bf6caa64,Ben Johnston
f782f953bfe7b5f2,Jonathan Micallef
40f3cb27fc7305a1,Themba Gorimbo
aebaa8cec15b083d,Kody Steele
530af2900b5a1693,Dom Mar Fan
cb696ebfb6598724,Aljamain Sterling
52c2ae6d2f2d2613,Youssef Zalal
f9ab66e67240db7b,Joselyne Edwards
d3f5d33d61cd00c9,Norma Dumont
e132d47bd9efbbe0,Rafa Garcia
262a7d06203657e6,Alexander Hernandez
113df4fde64735c6,Davey Grant
e3b30b573e7f0d19,Adrian Luna Martinetti
b9f28e7045fdfce7,Raoni Barcelos
cc1a8b4b38b92c6d,Montel Jackson
a67f5afa8d6a1b80,Ryan Spann
095854a135e6db55,Marcus Buchecha
9508cc6184cb2450,Eric McConico
260e9e0d4954aea6,Rodolfo Vieira
3eeec2f53cebdf12,Jackson McVey
4e6738062d469256,Sedriques Dumas
ca80d72da81d7224,Michelle Montague
cc8c623cca88f54f,Mayra Bueno Silva
7f6ed67d3ed3c036,Cody Durden
65adf3856c4d9256,Jafel Filho
5d495dec23d7c68e,Francis Marshall
33a8708747b7f943,Lucas Brennan
078695e385ec2f57,Victor Valenzuela
b0d6a1d8ac3d563d,Max Griffin
d35298b6df168456,Talita Alencar
abb68e3c7ca128f2,Julia Polastri
dd6103dd7127db1d,Mike Malott
23024fdfc966410a,Gilbert Burns
f1d64ae34e088832,Charles Jourdain
60425d07ef4b91a7,Kyler Phillips
4c88a1db5a46c6a4,Jai Herbert
8f4528c10bd34fab,Mandel Nallo
a9e260472d321361,Jasmine Jasudavicius
9d62c2d8ee151f08,Karine Silva
b2a78df161bd67f9,Gauge Young
d945aae53e3e54e6,Thiago Moises
c85bad793cd14e28,Marcio Barbosa
c4d039123e62f6a9,Dennis Buzukja
0cd0456d6029cec2,Robert Valentin
cd0dfd9846bd03b9,Julien Leblanc
1a97a3ef4c758fae,Gokhan Saricam
04c8b08b16a5b99e,Tanner Boser
51e2f44a8dbf6984,Melissa Croden
07047eb7d17fb0a2,Daria Zhelezniakova
6fd953151d981979,JJ Aldrich
5c637af9472ae7cc,Jamey-Lyn Horth
5fa2974cbd18e05c,John Castaneda
0e6b611451a9a7d8,Mark Vologdin
e6679e38e7fab7a8,Jamie Siraj
9014c02eff8b3d62,Carlos Ulberg
009341ed974bad72,Jiri Prochazka
2e5c2aa8e4ab9d82,Paulo Costa
e90a2f22417af68e,Azamat Murzakanov
fa6796c55d6c5440,Curtis Blaydes
2e19380f34871c6a,Dominick Reyes
c21f26bbde777573,Johnny Walker
d247691a6c0e9034,Cub Swanson
583ee11abddfc581,Nate Landwehr
5537efc6e496dd84,Aaron Pico
98a58c26c5b1ed17,Patricio Pitbull
3a46b268013afede,Kevin Holland
c6aee362c7a7d482,Randy Brown
72db2a14ffa73ece,Mateusz Gamrot
323d4ca260dfa0ba,Esteban Ribovics
b08012bbe542592a,Tatiana Suarez
8e5d953bdb9ae5e7,Loopy Godinez
06626b6287e1ae1e,Chris Padilla
e2be0c1a9b886d92,MarQuel Mederos
6d4b63c767106d3a,Vicente Luque
8c0580d4fff106c1,Kelvin Gastelum
feedf3053472fe56,Charles Radtke
3920d0cc288f9b0d,Francisco Prado
b6452706b373eea1,Renato Moicano
fd406a32a6fb3a29,Chris Duncan
7dda2cf308f24a02,Virna Jandiroba
d25240135aee03e5,Tabatha Ricci
95aff2fd8d09a5f0,Abdul Rakhman Yakhyaev
49edd0d90f60fb7d,Brendson Ribeiro
d776b5814f2400b4,Ethyn Ewing
83455a9d17f57dae,Rafael Estevam
6b0a6def604de298,Tommy McMillen
fd7ab338e4953644,Manolo Zecchini
d7c4956d61ae76a9,Jose Delano
92aed9d16794f42b,Robert Ruchala
764d39074a352e33,Thomas Petersen
ba15006c804a8de0,Guilherme Pat
2bd98ab77a8daa75,Stewart Nicoll
65db4065e2bc107d,Darrius Flowers
f9b200db02b488d9,Lando Vannata
81d2c551886bd5a1,Alice Pereira
3c26c420584d912d,Hailey Cowan
147e70aa6cc48cfc,Tresean Gore
3bc3f60b21cddc6a,Azamat Bekoev
27b388f0aab49780,Dione Barbosa
a4a80dd7336ffd59,Melissa Gatto
eee0ef3e2b14816b,Kai Kamaka III
6142edbd477d20c9,Dakota Hope
c1085e1701b13eca,Joe Pyfer
1338e2c7480bdf9e,Israel Adesanya
e8b731feff72294b,Alexa Grasso
6a740daf1b279661,Maycee Barber
c58f51dedb310998,Michael Chiesa
d8da10db80131bec,Niko Price
640a0f838f057a81,Lerryan Douglas
902ec2cc48c8ae8a,Julian Erosa
7674b836ce0698a0,Yousri Belgaroui
841695e02c99a521,Mansur Abdul-Malik
809bd1a871491508,Terrance McKinney
31f8081c7600da93,Kyle Nelson
ae81a3ac7b260411,Tofiq Musayev
e4a47b07044ddd72,Ignacio Bahamondes
07bc580bdf3eb9c8,Lance Gibson Jr.
971246648e162f0d,Chase Hooper
bc7f4b2d4c2724a2,Tyrell Fortune
c9cf753cfdf77fc2,Marcin Tybura
04835018f90b118c,Casey O'Neill
a6eb54ae17a551be,Gabriella Fernandes
b4b496ec2197ee3e,Navajo Stirling
0abcf6bc47191219,Bruno Lopes
5987b2458f4b5290,Ricky Simon
0232cabbc30a2372,Adrian Yanez
545092d13c67aa49,Alexia Thainara
7138a15258dabf20,Bruna Brasil
76e2870ffafbe38f,Movsar Evloev
396fe87b84ac2e1c,Lerone Murphy
b1de86d835638319,Luke Riley
01c9e4013afce141,Michael Aswell Jr.
a67d071163962af8,Michael Page
8b6e5dc2ba1edbe7,Sam Patterson
be9bdec19b7e9ffe,Austen Lane
a93f94c923c3a9cb,Christian Leroy Duncan
327d5f279895110d,Roman Dolidze
d964a59c48381cb6,Danny Silva
9d51798e61f2e0c7,Kurtis Campbell
f6ad6a1e4d600e0d,Mason Jones
1d2d98ddd05b38fb,Axel Sola
329e403448756217,Nathaniel Wood
5b43d68174b6e2ab,Losene Keita
39d309957c5c210d,Mario Pinto
e564146b9cf6dbef,Felipe Franco
3cc506f115cbb9d5,Mantas Kondratavicius
6d48a2df51749d91,Antonio Trocoli
597499ac7a5aac62,Abdul-Kareem Al-Selwady
52b6bf4528130e86,Shem Rock
cfbb3edab781dfd2,Shanelle Dyer
4948e412fa6ab67d,Ravena Oliveira
239d8e5359022f3b,Kevin Vallejos
fba03cd6cc28dc41,Josh Emmett
38c7f72747f4f712,Gillian Robertson
3df5493bb279226f,Amanda Lemos
7d6ceff6747f2de2,Jose Delgado
8fd808923cffff82,Andre Fili
2dbc60c52de126d8,Harry Hardwick
cd13728ae1151f46,Ion Cutelaba
46e2011d92463b7e,Oumar Sy
814e5233e2acf2ee,Charles Johnson
bf2c8e01b07d3eb1,Myktybek Orolbai
5442f1bc4b47eaf3,Chris Curtis
71171fc96445bf65,Vitor Petrino
e56cee1ad697db04,Steven Asplund
7478b7f959ba61f5,Elijah Smith
a474aade8eb3a8f0,SuYoung You
5870c541798124ae,Manoel Sousa
4bdedbdeedff7d1d,Bolaji Oki
cad24459b28592ca,Eryk Anders
0c6d9ea8306c029e,Brad Tavares
eff9074bc066f0f2,Bia Mesquita
60193e707634e560,Montse Rendon
ec3bd30378d63dd1,Hecher Sosa
6fc506e1099afe20,Luan Lacerda
e375cb5caf4717b6,Piera Rodriguez
e94085e821bd81de,Sam Hughes
07225ba28ae309b6,Charles Oliveira
150ff4cc642270b9,Max Holloway
4126a78111c0855a,Caio Borralho
d549cefc7c54ab78,Reinier de Ridder
fe2babf95de24fb1,Raul Rosas Jr.
05339613bf8e9808,Rob Font
519e4fe37ce9ff75,Drew Dober
511e82663651438d,Michael Johnson
d1c65d2cf2925ddd,Gregory Rodrigues
1e719d4b676dc19a,Brunno Ferreira
d8c7c61b176e3994,Cody Garbrandt
86bace9e4ad85542,Xiao Long
ad5cb64af10fc946,Donte Johnson
a112097ad877a48f,Alberto Montes
cd3d7e37ff2d679c,Ricky Turcios
17cb6d8e8187f304,Nyamjargal Tumendemberel
c051c2e12d692b8a,Jesus Aguilar
709fadb644ee3f51,Diyar Nurgozhay
d6a8edb7410223a0,Rafael Tobias
69898645d600abdb,Rodolfo Bellato
d62e280d0f7b6d6f,Luke Fernandez
bb2c3c3a466224af,Lone'er Kavanagh
792be9a24df82ed6,Brandon Moreno
9a97acbfd5a08bfa,David Martinez
7c7332319c14094c,Marlon Vera
4148802ae4a50768,Daniel Zellhuber
53c10176e3bc7416,Felipe Bunes
6e8349a0a0476d60,Imanol Rodriguez
34b96d52db1d26e6,Kevin Borjas
07797f10b9569cfc,Angel Pacheco
e463ce0a2ca474f4,Ryan Gandra
baa9be02c3e3e038,Jose Daniel Medina
06e4245d16fc5315,Ailin Perez
9cdd2da1a9104a0b,Macy Chiasson
7debc13b36343605,Cristian Quinonez
9c27f3217891f3f0,Kris Moutinho
4a574b8512fc1b30,Javier Reyes
3a314d9fa7c6825d,Douglas Silva de Andrade
9f5609dba6584ab2,Regina Tarin
e4faa79383c9f214,Ernesta Kareckaite
21b813b919776d90,Erik Silva
fdd22e895a70e4a8,Damian Pinas
093e1f5bb73850be,Anthony Hernandez
681399317dbf4701,Uros Medic
b997be68943010fc,Geoff Neal
82a5152216251682,Dan Ige
e2f6b2769aaedd6c,Serghei Spivac
7d8435c56043b0ae,Ante Delija
85497ffd934ecf7e,Jacobe Smith
e5864a42c80294f6,Josiah Harrell
595db60957de51d3,Michel Pereira
23dec7c47cb418f8,Zach Reese
28d421729451c8ca,Carlos Leal
c68c68efaa5ca6ef,Chidi Njokuani
6d68c1afe954f121,Ode Osbourne
30cad5a751adcb48,Alibi Idiris
5e9ca8dd7d783a75,Alden Coria
f2b3f4ef3f780168,Nora Cornolle
64facb6cc564262d,Punahele Soriano
3d074044a33825e7,Ramiz Brahimaj
a3dda21be645be93,Jean-Paul Lebosnoyani
8e382b585a92affe,Phil Rowe
70380ccdc81915b8,Yadier del Valle
f1ab6f37492c630a,Carli Judice
aa0c573da7119292,Juliana Miller
bc711b6dd95c1af6,Mario Bautista
18d01f7f8338ae72,Vinicius Oliveira
98aa60cf58071fd6,Kyoji Horiguchi
6d35bf94f7d30241,Amir Albazi
739fd4fbb5d862f4,Rizvan Kuniev
41e83a89929d1327,Jailton Almeida
0d65c432720accb9,Michal Oleksiejczuk
8e9eb3fc86db0f7d,Marc-Andre Barriault
a09ed60aa67a3f67,Farid Basharat
ffd3224638c01b57,Jean Matsumoto
e4277e87a789d687,Dustin Jacoby
6add18754930182b,Julius Walker
70dd69b6a703257e,Daniil Donchenko
cdb96af67d096b1e,Alex Morono
bbab3baf66128ae2,Javid Basharat
51ec9dc3b4964f19,Gianni Vazquez
2997e7fe3c9d3d4a,Wang Cong
de594b35c45c2e9a,Eduarda Moura
6902fcf0610dd303,Jakub Wiklacz
a54660deb6a8489c,Muin Gafurov
9f5e3c20ce40b344,Klaudia Sygula
e1248941344b3288,Alexander Volkanovski
c2299ec916bc7c56,Benoit Saint Denis
193b9d1858bc4df3,Dan Hooker
c814b4c899793af6,Rafael Fiziev
af9f42e6894047fc,Jamie Mullarkey
07a74004d964c7f4,Billy Elekana
fbb60f24af5d5a02,Torrez Finney
6b56e94a59b7b134,Oban Elliott
7facc9c45d792985,Kaan Ofli
3f11fd1751fa83b1,Yizha
a264d4e9a4d6bfe4,Sangwook Kim
3618e0632ecdba9c,Keiichiro Nakamura
f201f21cf2c79eb2,Sebastian Szalay
a1ad35b98a9136e5,Lawrence Lui
1dd1a3aacde66f72,Sulangrangbo
7826923b47f8d72a,Paddy Pimblett
262d32ebda89efc4,Natalia Silva
47b63240018d5d86,Rose Namajunas
52ef95b5860fb28c,Jean Silva
2b6fc1c02736833d,Umar Nurmagomedov
22e07d3da1aa3475,Andrey Pulyaev
1091d4d957141094,Nikita Krylov
b5c19c34f12c917e,Denzel Freeman
0859524157a19045,Ty Miller
a01a62132460a98d,Adam Fugitt
5d1b7e3dd9e11074,Manel Kape
6e15f63b6c2e2c15,Brandon Royval
9560ff14eb3129f7,Giga Chikadze
084532da3d25f3b8,Cezary Oleksiejczuk
64d47ef881a437a4,Cesar Almeida
5b03b61f9d90125e,Morgan Charriere
8667caa0451d245b,Kennedy Nzechukwu
84b3e7d38f2d2ec5,Neil Magny
5d8006587d6a6711,Isaac Thomson
0f3a990526c5e706,Sean Sharaf
5078e1dacf9d25f4,Luana Santos
73a78713bd899f4c,Allen Frye Jr.
59c438c81fbf3ece,Tereza Bleda
d661ce4da776fc20,Petr Yan
c03520b5c88ed6b4,Merab Dvalishvili
a0f0004aadf10b71,Alexandre Pantoja
6e743a33d56bdaa4,Payton Talbott
056c493bbd76a918,Henry Cejudo
99df7d0a2a08a8a8,Jan Blachowicz
ef5dcb10d2bd4b0f,Bogdan Guskov
2e7878927067fdca,Manuel Torres
ff62013d2fce6d13,Nazim Sadykhov
7acbb0972e75281a,Marvin Vettori
4d8fa64202cee4c1,Jalin Turner
64a50dad704d1d49,Edson Barboza
6e8f1bcdda94ff45,Ibo Aslan
480779d7f9a424d3,Mairon Santos
8d11d9c13e2ccdf7,Muhammad Naimov
eae48ff31db420c2,Arman Tsarukyan
442c9011034ae1fd,Ian Machado Garry
0845c81e37d3bcb3,Volkan Oezdemir
0a1942069c9ad6b6,Jack Hermansson
f00ac08ab056af5d,Tagir Ulanbekov
fb37795db81f93f3,Bogdan Grad
9d19d9e4aa2662e8,Nicolas Dalby
de26d906f2874dd4,Saygid Izagakhmaev
8d3273573b85be09,Asu Almabayev
09a4447655fd4b7b,Rafael Cerqueira
4a6dff1b260bcf61,Aleksandre Topuria
a4dc0f2b95df4cc1,Bekzat Almakhan
6a96ad1bc34fb113,Ismail Naurdiev
d5bab53a1a603aac,Ryan Loder
ca28cdf526d6b6e9,Nurullo Aliev
ac0874309da489b9,Marek Bujlo
275aca31f61ba28c,Islam Makhachev
132deb59abae64b1,Valentina Shevchenko
1ebe20ebbfa15e29,Zhang Weili
c32aeb1a59e6272d,Michael Morales
f1fac969a1d70b08,Leon Edwards
669970f7feba8ecd,Erin Blanchfield
68d4a891e5cf2029,Tracy Cortez
e0c6edcb5b5d0b90,Chepe Mariscal
745fa7b605f8e2da,Fatima Kline
72f890c5d421e705,Matheus Camilo
19c591115a58982c,Viacheslav Borshchev
2fe9032955c2e013,Joseph Morales
447f9858ae78f921,Muslim Salikhov
eb393afdbe3293d5,Ismael Bonfim
e00a3dee329a51f7,Jamall Emmers
41cc71cbf210e0fe,Hyder Amil
6a311920edd73c85,Max Gimenis
cffb87059e645bd1,Denise Gomes
31ef8b67e13495b3,Tecia Pennington
850266b3dc4e506e,Daniel Marcos
46e0d677f91bacc0,Miles Johns
ffe9703408fb5964,David Onama
d66a46de8d705353,Jeremiah Wells
a57cb948c4c70a47,Isaac Dulgarian
7cec3c4a5e7b6d68,Daniel Frunza
253076a23d03dcd0,Allan Nascimento
117a06469813e4ef,ChangHo Lee
1235b31de15d0c6e,Montserrat Conejo Ruiz
4a07b1988477502c,Seokhyeon Ko
399afbabc02376b5,Tom Aspinall
7447e9f28508106a,Mackenzie Dern
333b9e5c723ac873,Aleksandar Rakic
b7b84ccd221be298,Nasrat Haqparast
b07aed698fba8624,Ikram Aliskerov
285ae0b4a68221f4,JunYong Park
5b86d491d63890c5,Ludovit Klein
f5779a2303ed76ec,Valter Walker
3329d692aea4dc28,Hamdy Abdelwahab
7a5e8c94a86f9895,Chris Barnett
0be6776db31d98ec,Mitch Raposo
7f1bf0c255ec8756,Azat Maksum
43a59ce3bb40449e,Mizuki
34ff304266360297,Manon Fiorot
dccb63727f2f5f74,Matt Frevola
873626e5547b5235,Kyle Prepolec
700a674c042b7a96,Cody Gibson
b671bdf981ad527d,HyunSung Park
b7c5eb7cdbac6a63,Danny Barlow
1b35af4d1529adf6,Stephanie Luciano
2c5f5749569eef66,Tainara Lisboa
25f9a5f3e8a52618,Jhonata Diniz
1ae8f3c723aacff4,Ricardo Ramos
710f0f8c5d5c9d41,Lucas Almeida
103e2e33a60683e1,Irina Alekseeva
e0d3d9b564f95635,Lucas Rocha
d7c3816669784109,Karolina Kowalkiewicz
72ea1984c52019b5,Saimon Oliveira
d802174b0c0c1f4e,Magomed Ankalaev
65f09bacd3957381,Cory Sandhagen
749f572d1d3161fb,Khalil Rountree Jr.
36b8f265bcd1b7a4,Abus Magomedov
563a1d42bb0e3cef,Tre'ston Vines
a44020ea2e8cd026,JooSang Yoo
2cfba6c837c03ed0,Patchy Mix
886264a0c9f4ea5e,Andre Muniz
3143bf892608139a,Yana Santos
45f0cc9d18f35137,Chris Gutierrez
32c3ee378671a5d9,Austin Vanderford
4798e823ada58fe9,Veronica Hardy
4333a8e70a672eb7,Brogan Walker
70e1f8a821b72c8b,Jimmy Crute
a9da3158dd2c2b5a,Jack Jenkins
c5ccd878231c5407,Ramon Taveras
b39f7a6c2be17ee8,Charlie Campbell
40a456a25d52ee65,Rolando Bedoya
723b64c0e9a8f348,Josias Musasa
528b071cf3da7c56,Luana Carolina
87e4a3a5080ee7ce,Elisha Ellison
71505842fb6455c3,Dustin Stoltzfus
f53d4f21d1b5f2dc,Diego Ferreira
32feae6d9a1e5047,Quang Le
866fd7b1a6c90e7f,Dusko Todorovic
ae7fe94f117f98cf,Joaquim Silva
d747eb273a40a920,Claudio Puelles
c06d6b18862f9a53,Rodrigo Sezinando
881bf86d4cba8578,Nassourdine Imavov
eabf206b162b3b83,Paul Craig
f748267c4ab6c127,Rhys McKee
ec13c393d029297d,Kaue Fernandes
31dbfbe4e7a6727c,Trey Waters
8f765fd5775a8873,Rinat Fakhretdinov
2caf993f53541fa1,Andreas Gustafsson
def8166ff24bd237,Brian Ortega
7498b3ac79a3b948,Taiyilake Nueraji
4729c93ba705a3bf,Kiefer Crosbie
8c1ca54b5089d199,Maheshate
a13d755965a4ec9f,Rongzhu
d2cd7a69cc55e7ed,Austin Hubbard
7b3503352cd53abb,Westin Wilson
02f484417a6fa69d,Uran Satybaldiev
d683f4870742b273,Shi Ming
a78f7a9135eb6249,Terrance Saeteurn
0d7b51c9d2649a6e,Dricus Du Plessis
13a0275fa13c4d26,Jared Cannonier
64b12fe31be7560c,Eric Nolan
6a1901c62ab3870f,Jessica Andrade
7cbf7c78d3b34218,Drakkar Klose
abcf2cc6efc42031,Iasmin Lucindo
5ec591b78349ba7e,Christian Rodriguez
148bb103cfbf123e,Toshiomi Kazama
b12fb759e02378de,Gilbert Urbina
a78a87d8c2bbb1cb,Julija Stoliarenko
48a9a128784d53d1,Elves Brener
351c4ec637380ad5,Karol Rosa
8adcbd525fab8d9b,Elizeu Zaleski dos Santos
d8c811df0386d5e8,Rinya Nakamura
a2d342ffc83913ed,Nathan Fletcher
7eaa5e31c2dd86aa,Nick Klein
d3f89fa685bd8420,Austin Bashi
e1147d3d2dabe1ce,Robert Whittaker
06734ca9d88dec3a,Shara Magomedov
0fd5f4b838e890cc,Said Nurmagomedov
da22387a0407a2dc,Da'Mon Blackshear
beecb672a279223e,Amanda Ribas
69037fc7730e4225,Steven Nguyen
3753714927f18437,Mohammad Yahya
8eb046f83e82bf26,Martin Buday
029eaff01e6bb8f0,Dustin Poirier
8a1f3b5c526cd6e6,Daniel Rodriguez
e803242fb2e41112,Islam Dulatov
6370c1c1e12723d5,Marcin Prachnio
0c25d0a5e8cdbf19,Lukasz Brzeski
4a28cb716c19157a,Stephen Thompson
751de04455cfaac0,Calvin Kattar
729d4bd5a6cd0a97,Lauren Murphy
fb3e61720be4690c,Mike Davis
e99eb0ef25885de5,Mitch Ramirez
3f4c3bc822bea45d,Melissa Martinez
853eb0dd5c0e2149,Kai Kara-France
9256f591b30c073e,Felipe Lima
36541f1e6c5d4955,Viviane Araujo
ab2a4b5e04dc5fe9,Alvin Hines
5444c5a201d3ee5a,Jamahal Hill
37f560436d745c18,Nikolas Motta
bd532e9a2b93870c,Melissa Mullins
da7f113b5ea39c43,Mohammed Usman
f1b2aa7853d1ed6e,Kamaru Usman
f29a6350c69f4a33,Miranda Maverick
523fa774700d7d3f,Court McGee
1497e735d9f2560a,Ange Loosa
2c483cf443f38ece,Vanessa Demopoulos
1af1170ed937cba7,Kayla Harrison
3253b16d38ae087d,Julianna Pena
6551c64fbcd1a467,Ariane da Silva
57186c150c645200,Jeka Saragih
c739c2995a275314,Yanal Ashmouz
001eb2ab0f30e7ea,Mark Choinski
fa07345cc9db5cc9,Billy Ray Goff
a7151778b3381036,Kurt Holobaugh
02bb48869eb7ac8f,Rayanne dos Santos
94426bb170c88115,Sodiq Yusuff
49d2a08964c5eb11,Nursulton Ruziboev
5eb50529a8418b77,Gabe Green
36e78278a77006d4,Connor Matthews
ac7c765882f2c68c,Elise Reed
798e48f9e7f6ba22,Carlos Hernandez
a3a542074109b347,Luana Pinheiro
d0f3959b4a9747e6,Jose Aldo
12ebd7d157e91701,Bruno Silva
d008d785f6347dc2,JeongYeong Lee
7b433309b0fd12aa,Brad Katona
6d1bffff14897645,Santiago Ponzinibbio
1a2bf44edb8055b6,Serhiy Sidey
b96619b3acd7d9da,Miesha Tate
cd2c4d30c6e13b47,Marina Rodriguez
96924b0019b3aff1,Gaston Bolanos
1a9480fc288e55d7,Don'Tale Mayes
38c5817ade8a8014,Ivana Petrovic
d4c9dcd330403612,Anthony Smith
09e62c450e754913,Jimmy Flick
d9a56ecb6e94f02e,Evan Elder
1897b7b913736a7c,Alatengheili
3c8a5200436e19f3,Cameron Saaiman
15ea371202eb25e1,Roberto Romero
cbf5e6f231b55443,Yair Rodriguez
4682bc59d5f55145,Sean Woodson
c41d426cc7326d1b,Yan Xiaonan
92a9aa9c93192871,Darren Elkins
8173f134396cb971,Cortavious Romious
d7e40dca3ae125be,Diana Belbita
efc67b07eed39794,Istela Nunes
eb8d8c2a95cfccb8,Victor Henry
f7be1db194e03d7e,Pedro Falcao
077e3ace32b72be9,CJ Vergara
f2900678e98f6d6a,Ronaldo Rodriguez
c77a953488e5607d,Vinc Pichel
b909a9a9688b5284,Gabriel Miranda
fd55393021a8c255,Gunnar Nelson
51018a31ddf31eb2,Molly McCann
6d38e41efa47a72d,Jordan Vucenic
5cdf5339728f580d,Felipe dos Santos
0d5cc0170c1a7e71,Mick Parkin
19f8a2f6eecd92ac,Puja Tomar
42ac4020cba261ad,Caolan Loughran
7772b283d288dbe2,Guram Kutateladze
a68575214ecad140,SeungWoo Choi
d1053e55f00e53fe,AJ Cunningham
07f959e6596307bb,Carlos Vera
b1f21ce050035d58,Andre Lima
68d35296f566792b,Josiane Nunes
369ea36e450ae62a,Armen Petrosyan
d0e1b42d41dab603,Julian Marquez
05fa626cb33d15b8,Andrea Lee
7d0a1968b38ca439,Ramazan Temirov
a52bc1e62cf0b7c6,Melsik Baghdasaryan
a817e238b2747404,Dylan Budka
86d9dbe1bfcbade7,Julia Avila
e13abac8089a801a,Justin Tafa
f2f140ce7532e327,Gabriel Santos
dda15dbfafb792df,Kevin Jousset
a72a2a769fa5a2be,Anshul Jubli
2cd428e9606856fd,Jairzinho Rozenstruik
38c626ca912c7bac,Damir Hadzovic
11583163f45c7b31,Lucas Alexander
f41b9f5efc7162d6,Jamal Pogues
eae431e70064e046,Abdul Razak Alhassan
84f727cf0166d6f2,Jose Johnson
260bd4cef10b033f,Ihor Potieria
cfc3e7bb44685289,Trey Ogden
9fe7af8b3fbe00a0,Preston Parsons
6e344b71421103da,Magomed Gadzhiyasulov
6c9b66b43663f2f7,Viktoriia Dudakova
af65aa688d13eedf,Joe Solecki
dc9572dd6ec74859,Colby Covington
aa171d55d4b5208f,Billy Quarantillo
ee18ff42063174df,Ottman Azaitar
d2f43cfaf8ca3560,Fernando Padilla
971dba22c622af12,Josefine Knutsson
01afe0916a40c7c5,Shavkat Rakhmonov
242d36d241b43c12,Kron Gracie
f626118b6da0e020,Bryan Battle
3a8176e15b9887c1,Chris Weidman
c47df9303d318c67,Clay Guida
32490e80ddab1e5a,Song Kenan
8677e67a75d65b8e,Baergeng Jieleyisi
3be16d817b36098b,DongHun Choi
296a120cb880477b,Kiru Sahota
c940b42df95bbd28,Feng Xiaocan
07f72a2a7591b409,Jon Jones
d28dee5c705991df,Stipe Miocic
93b2b7caa457cbea,James Llontop
f2477cf43c4975cc,Jonathan Martinez
29af297d9f1de0f8,Damon Jackson
9e50097a89442158,Mickey Gall
f4d92416da98804b,Bassil Hafez
03dee485905dbc9f,Zachary Scroggin
4aa58269d0664b5b,Matthew Semelsberger
bf7ad5628363eec9,Cody Stamann
89839250eb25c9c1,Caio Machado
b27a1fcb56a3035a,Trevin Giles
6bd02119599741a4,Pedro Munhoz
b8a85389d115e35a,Jack Shore
c0badf3243907e59,Alexandr Romanov
d31a5546c0e9b213,Rodrigo Nascimento
1effd880e1f1bb30,Garrett Armfield
c7c39e2fb70248b3,Chad Anheliger
6a2f7c151031653d,Rafael Dos Anjos
f264ba50b007f39e,Victor Hugo
60a42bf82447c919,Jake Hadley
361d49960a196976,Daniel Pineda
1a31ef98efce7a79,Matheus Nicolau
4f3064faf17aa711,Tamires Vidal
c742287ed86a09bc,Jessica Penne
140567899d98978a,Robelis Despaigne
c730a0be691dc081,Jared Gooden
87c0b1c696ddfb43,Jonathan Pearce
3351aa64aa83c4d9,Cory McKenna
e4ba58725825412d,Dan Argueta
fc169c387b4b465d,Raquel Pennington
50db8711c70196cd,Ovince Saint Preux
d910665038efc639,Carla Esparza
4b47e71384a9522f,Tim Means
74f9448b97bf8bec,Da Woon Jung
37c5366d18ed6c05,Roosevelt Roberts
8b1ed83b02303075,Taylor Lapilus
dc7927cd622676a7,Victor Altamirano
578ef12674df1e6a,Irene Aldana
40cb680ae1cd331f,Yazmin Jauregui
0bc697c5936a2d0a,Trevor Peek
d7fe8c6b7d2872e5,Brendon Marotte
641ca2c2ed91b93c,Zygimantas Ramaska
9dedfdd91070ddd8,Victoria Leonardo
e64b96c07d7ce999,Li Jingliang
6751eacd16bd59bc,Josh Culibao
4f140403000158b5,Herbert Burns
dc07493a87dc0a6e,Alex Reyes
814ff3018127e8fc,Ricky Glenn
68b8ebdfce9dbb61,Charalampos Grigoriou
91dac5e69e28d5b5,Pannie Kianzad
d35f734c56a89103,Karl Williams
082eba4cd80f736f,Jarno Errens
22a92d7f62195791,Tony Ferguson
0112352cb32f5026,Denis Tiuliulin
75353550928a7921,Muhammad Mokaev
ca36633b80be4a78,Kaynan Kruschewsky
9abc648e76c4493a,Bill Algeo
7be14eaed4c74856,Brian Kelleher
8c169fbe1ac33637,Loik Radzhabov
3cf66c62d9069f43,Lucie Pudilova
a08ddd04eaffd81d,Mariya Agapova
ca43de99b07b6b40,Josh Fremd
eb70e786bbdf1d16,Yanis Ghemmouri
eb04b9d31e938edb,Michelle Waterson-Gomez
3738e68d2261e60f,Andrei Arlovski
a7897d200692ab64,Kyung Ho Kang
7af33fc4435017f1,Brady Hiestand
876f478f796495f7,Josh Quinlan
6e9f40c706f91f32,Nate Maness
0a73acff6325c1e2,Shayilan Nuerdanbieke
82d4c957649faf9b,Miguel Baeza
a75a48bfe776b2c2,Jesse Butler
80d8aed0ca9b00f3,Montana De La Rosa
65cdf4ec31143d86,Vinicius Salvador
3e708ce33b6b18e6,Victor Martinez
d317a5e2b3f88c5f,Warlley Alves
102a8fdf8cbf7467,Kleydson Rodrigues
02f8fedc18cbd26c,Emily Ducote
7aa3d6964eff4877,Alex Caceres
94527830000ab715,Rani Yahya
b4c57a8c2b773e82,Michal Figlak
b6203e0492a9336c,Marnic Mann
ec0dcceace7d25a3,Liang Na
436f970c9ea9169c,Gabriel Benitez
634e2fb70bde3fd5,Holly Holm
de45aaae23dfa392,Christos Giagos
1d239d571e342453,Germaine de Randamie
1291edf2d566a71a,Julio Arce
82529ce93cd9a2cf,Anton Turkalj
009c4420727149ea,AJ Dobson
e530df53922f413e,Luis Pajuelo
6ad8e4296f7522d9,Igor Severino
a331233f597090a5,Bryan Barberena
a29db9cd4f9ccea5,Natan Levy
e872e9a9a902c045,Katlyn Cerminara
53c943c873cffe90,Philipe Lins
b5da8f7d05e85a55,Josh Parisian
12f91bfa8f1f723b,Joanne Wood
b4192a975027aab6,Maryna Moroz
49e96ff8ab781589,Tyson Pedro
830f60497fab345a,Jamie Pickett
972c456ff38b2015,Claudio Ribeiro
48812daf291a4e23,Mateus Mendonca
31bb0772f21cabd8,Daniel Lacerda
2526be54e6a0e62a,Denys Bondar
ab943cd2c3c17825,Marcos Rogerio de Lima
7a47e068f8017019,Val Woodburn
cc7040fe76f0ef91,Devin Clark
56f7d7ee06be4aab,Zac Pauga
9e92e1ca498d7244,Fernie Garcia
7ab478c397cd68ef,Aliaskhab Khizriev
ea7e5bc78d9de658,Makhmud Muradov
776d4262c4da38bf,Pete Rodriguez
5095b0920a3602aa,Blake Bilder
267f4a6568abe245,Landon Quinones
f998f5c102250d6e,Yohan Lainesse
dee294e9717012c2,Malcolm Gordon
547afe1017e72dbe,Phil Hawes
51c655162e462ceb,Shannon Ross
5e6294b37bbef029,Stephanie Egger
4dcfb28c011c11b2,Wellington Turman
0978385b2bd9ef9b,Nick Aguirre
da0995f19b749cfa,Mark Madsen
32c355b04fc57f3a,Marc Diakiese
46d0a888d87d91ac,Abu Azaitar
d80ee110748171ac,Mike Breeden
d05cb1e8d1b885d8,Jinh Yu Frey
8e1f36476ef02a6a,Jennifer Maia
d31cbcdd7d69536d,TJ Brown
b4c6c904a9ffc5e8,Ashley Yoder
e0b0cf71e0d69dd0,Kanako Murata
f6bcbd91b114ff58,Johnny Munoz
725b1abc9a39d873,AJ Fletcher
33efaf2d0941cfcf,Andre Fialho
92fa1401b7927da3,Jake Collier
26e3f3928b1891d9,Hannah Goldy
f3ca6908f78efebe,Terrence Mitchell
c21a036b4e012f1c,John Makdessi
9edf2c9082cc2cd8,Blood Diamond
4cd8b03aee1d0138,Shane Young
862b0b3375aa4b6e,Zarah Fairn
c451d67c09c55418,Chan Sung Jung
f7467152fd9f18a2,Taila Santos
ac40f7e3cbecdda4,Parker Porter
21b5c82c1b89dab1,Yusaku Kinoshita
2c9d00968f818270,Hakeem Dawodu
d0aaedcf7ccd0b45,Chris Daukaus
6aae253467e8f9ce,Tafon Nchukwi
0b362247806341e5,JP Buys
da816417a579a0bd,Gavin Tucker
c2a670b22d2e196f,Aleksa Camur
2975297f505e9447,Jonny Parsons
a6cba6bb66c1a8c9,Danny Roberts
6b7c7460855dbbb9,Albert Duraev
7832f2f62f04178f,Tucker Lutz
305d73ede05e31ad,Austin Lingo
cda1099995b46cc2,Genaro Valdez
6e00cfffd54653c4,Tyson Nam
f8f1ec513bcfef43,Alexander Munoz
914a897455693650,Carl Deaton
fc6e681bf6658faf,Ashlee Evans-Smith
f2925e6db404bf1d,Robbie Lawler
c7d7fda69ec410d3,Kamuela Kirk
135d124172a0bea3,Damir Ismagulov
ee9ebceabfd16fa7,Kevin Lee
1788eee370f077b7,Blagoy Ivanov
55fa6ce3e522c8bb,Zhalgas Zhumagulov
e7e01e266a9d4342,Ronnie Lawrence
80fa8218c99f9c58,Amanda Nunes
9ada30894bf04e19,David Dvorak
37d752ec41ed84bb,Maria Oliveira
029e1293e609fd74,Abubakar Nurmagomedov
950d0ef5c17157c5,Maxim Grishin
2c010b26a3306969,Orion Cosce
e9a3aeb207578eea,Ilir Latifi
036e96c1c12b8a59,Nick Fiore
8abac218746e04ca,Takashi Sato
31123249b0bbf52e,Matt Brown
01b352b6a9074d5c,Chase Sherman
297a2b35444c245b,Mandy Bohm
a20f234df70f2182,Ji Yeon Kim
6c8072b61c276e67,Jessica-Rose Clark
eaa9402e5a7990ad,Braxton Smith
8d20d76af3f213ce,Joseph Holmes
78f485f851891d68,Journey Newson
3b0a516d2921e0d6,Batgerel Danaa
4ba8d454f762005d,Zak Cummings
06f36cf4bd97ec77,Ed Herman
34c2b3656f88f7ef,Aaron Phillips
47b9e0e7703a4868,Jorge Masvidal
98215d037be5bcb7,Cynthia Calvillo
b93c06d09d1c4ac0,Steven Peterson
87a1dc546b1c5caf,Makwan Amirkhani
a0e6753c42698f13,Omar Morales
d05412b513b19621,Guido Cannetti
2f13e4020cea5b38,Raphael Assuncao
601964f9654f911a,Tony Gravely
ec23c1be628d8057,Trevin Jones
b1a3e0aca758b322,Derek Brunson
c0386644627a7ee5,Mana Martinez
441eacbe20e0e80b,Augusto Sakai
a2ccf35a88346a91,Erick Gonzalez
029afd138865d20a,Rafael Alves
c878270af633eb11,Jordan Wright
5da33b8fbfa5ee95,William Knight
2eeaefbfc7f9fcff,Lina Lansberg
5c10da56d712ac9c,Khusein Askhabov
4a043165cf47cab2,Juancamilo Ronderos
da4628f173337902,Don Shainis
aceffa19749c4dc0,Zubaira Tukhugov
adccbc19b22e19af,SeungGuk Choi
7ff97850e8c32bda,Glover Teixeira
140745cbbcb023ac,Mauricio Rua
49ee5024966efc0d,Mounir Lazzez
2f5cbecbbe18bac4,Shamil Abdurakhimov
4959f10a62f3fec3,Cheyanne Vlismas
50a28b9f8314e008,Saidyokub Kakhramonov
2f6a993c7f547c13,Sergey Morozov
9ce6d5a03af801b7,Darren Till
01fed6f61ebea01f,Jay Perrin
ce632027bf2a871b,Dalcha Lungiambula
84512339473dd300,Steven Koslow
df1eb4354d18a906,Scott Holtzman
2804ce8dadab5770,Marcelo Rojo
0c258d1d8e16e5f1,Kevin Natividad
f2688492b9a525a3,Frankie Edgar
37ed1ab2f8b819f4,Brad Riddell
b4880ef2f838d4e1,Silvana Gomez Juarez
5bf31a46becc1204,Michael Trizano
8c57c7b8c3bab0eb,Nicolae Negumereanu
34e516ab361afb1c,Darrick Minner
568bbad0eaced57c,Shanna Young
773f7feacf96153e,Benito Lopez
1a54231796e24a3f,Liudvik Sholinian
760a55d5b6098cbe,Carlos Candelario
3eb4dc9a7d4ac906,Ramona Pascual
2b68d9f125d07b42,Jared Vanderaa
b15862fcd6ded451,Carlos Mota
69888118d968ba52,Joshua Weems
c849740a3ff51931,TJ Dillashaw
684d3aee255a3d09,Gadzhi Omargadzhiev
67f272324a030d00,Misha Cirkunov
cc351e408bbb7d43,Brandon Davis
12585614e0ed2626,Nick Maximov
0641c21bec209472,Mike Jackson
a8283a4f415e1eb9,Francisco Trinaldo
98c23cb6da5b3352,Aleksei Oleinik
5580771f383e141f,Jesse Ronson
4e06913c91da5200,Krzysztof Jotko
325ad0dd9126d3df,Randy Costa
70fa1c64a2c439ef,Alen Amedovski
afe8d5b39ff7fca2,Louis Cosce
87e2468b986ebb79,Cameron VanCamp
8355922d564b152c,Nate Diaz
a7e3f02fe2b2fe30,Danyelle Wolf
326a001926ffb7ec,Darian Weeks
77d7295d1b22c694,Alessio Di Chirico
b4537562f88ac582,Khalid Taha
00e11b5c8b7bfeeb,Luke Rockhold
fdbefee0827e1567,Wu Yanan
f703250471acaf96,Harry Hunsucker
9c65736747ca92ec,Leonardo Santos
12e0fdc606f7e274,Luis Saldana
cdadae5363b66eef,Francisco Figueiredo
10f3ba6cd2f44a97,Dominick Cruz
d343df8ba11f4c4e,Nina Nunes
318572f6f74b760d,Charlie Ontiveros
5f3805dda9661cba,Jason Witt
dea070ed4a2a8281,Thiago Santos
d156513a19acf856,Sam Alvey
7559395ad833c074,Miranda Granger
3c6976f8182d9527,Alexander Gustafsson
40093d1d2d78394e,Charles Rosa
6f7c616b98e18c29,Claudio Silva
98d961097baaf308,Shane Burgos
8be158ca1e5ea6a0,Dwight Grant
d7338bcb141abd2c,Antonina Shevchenko
5f179af5fffeb9f6,Cortney Casey
37d5b176d438d2a5,Karl Roberson
1d00756835ca67c9,Donald Cerrone
65578a75fa7900e3,Uriah Hall
f72465a784c1b084,Jessica Eye
c9a94278df042f46,Alan Baudot
82b4e942781b1046,Raulian Paiva
1a08b01fdabb6ae2,Tony Kelley
0de720c0f1d4ab9c,Danny Chavez
5dd180c8b3196786,Gloria de Paula
fc9a9559a05f2704,Eddie Wineland
483a953b18d73bb3,Deron Winn
3d6749c4267da18f,Joanna Jedrzejczyk
abd5fb12437eda21,Ramazan Emeev
5c126c6aac3ef364,Poliana Botelho
79cb2a690b9ba5e8,Zarrukh Adashev
e92901944ce91909,Askar Mozharov
b6850671a008bf9a,Felice Herrig
c3ded6f7155f9ea4,Alex Da Silva
62f7097c04311193,Niklas Stolze
008ea710276c9606,Jeff Molina
79325a3c1a5c3bf4,Andreas Michailidis
dbac0a413af64bbe,Felipe Colares
d2bc285ead803db0,Louis Smolka
764342d39cdaa54a,Frank Camacho
cd7763bcadb5d4c8,Alan Patrick
2ebfbe72ed703925,Tristan Connelly
016a8d958883167c,Gina Mazany
90da09db03e41748,Sergey Khandozhko
f9d0cae37dabfafc,Ike Villanueva
5f3da9a9610d8969,Cameron Else
a6f3d15cb84334bb,Dean Barry
cd2e5a390821fb48,TJ Laramie
6a8928652fc01bee,Brandon Jenkins
35b3772629e27a49,Kevin Croom
d4691518d012b9e7,Aspen Ladd
4100c7a09497ad41,Kay Hansen
b1d19449397541dc,Askar Askarov
7be74a12d7352df2,Sara McMann
0e5c4e72237461bb,Bruno Souza
ec18eb918121787c,Kazula Vargas
56fcb2c4d99f9d1b,Mike Grundy
45e738622ea2c02c,Timur Valiev
fea79f9bc8c68769,Marlon Moraes
70d2329a92864fdb,Sabina Mazo
57b10fca4f9c9a7a,Alex Oliveira
85073dbd1be65ed9,Greg Hardy
207773daeb4afa7b,Devonte Smith
80daefbed11ce998,Alejandro Perez
ce175eaafe867d1f,Micheal Gillmore
4bd6b4800070b069,Chas Skelly
ef1182eb28c17d4e,Mark Striegl
8c39367b53eadf8a,Jesse Strader
4498b382c65a7faa,Roxanne Modafferi
78a68f1dade6aaf7,Fabio Cherant
4c2d90e335e6df19,Alexis Davis
687c15b2eddfaa63,Danilo Marques
8d03ce87ca14e778,Francis Ngannou
07a2bdaa0afdd831,Rogerio Bontorin
3033c1c080672475,Dakota Bush
4234f0097c83fa62,Sijara Eubanks
5f6f049d54728e88,Andre Ewell
5b8ba8f5512893b1,Matt Sayles
8866c6f509c19089,Ryan Hall
c549573c0df4d676,Maki Pitolo
19b7738321cfae42,Mallory Martin
feaf00f3373435d6,Chris Gruetzemacher
bd5403efbaa445c0,Sean Soriano
bd58d34e39b7b12a,Ben Rothwell
39d91e95949de3d9,Felicia Spencer
8cb78f3a6c2a08f7,Leah Letson
047a91d3d9c79b05,Collin Anglin
eebc23626e38f5dc,Liana Jojua
59279a7c978f7da0,Al Iaquinta
e26bd53b751d61d9,Jordan Williams
fcd448a2fe1a23cc,Gian Villante
6ebe96a116e79e52,John Allan
0d980975001ae3d8,Shamil Gamzatov
f1175ea3aafbf351,Hu Yaozong
a12a8314adc1c1c9,Laureano Staropoli
78e501478a36a018,Khama Worthy
4a57ebb14315b251,Randa Markos
dab8cfbb6b1db10a,Livinha Souza
41498c2d1a87b154,Zviad Lazishvili
a2ea77e974c5889f,Carlos Felipe
fccf811c1e8b01c7,Andrew Sanchez
673ea7dcc786b1b3,Bethe Correia
8765559b6a29a421,Gaetano Pirrello
528c24b99fbaab79,Johnny Eduardo
f57a8a52ca401ed9,Nick Diaz
16a64f93f6678b7b,Martin Sano
61fb8098ccf81c7f,Antonio Arroyo
18b602842a24f7c5,Mike Rodriguez
49b130de1da2e1bf,Sarah Alpar
257b0c8d6f199895,Impa Kasanganay
93b62c5f2ba18e51,Gustavo Lopez
b3d21b2610dcfaeb,Emily Whitmire
3bb2dc8e87b10a46,David Zawada
2f1a257d6777096d,Luigi Vendramini
a17ad5a5048e8c3f,Darren Stewart
4bf6b225ff6099c4,Domingo Pilarte
b60c980f79b87ce8,Bea Malecki
a6c20202c701e5ca,Sasha Palatnikov
e7bba7ce4d6c7b07,Casey Kenney
dc3b9cf7641b7ab6,Drako Rodriguez
bbc9ab95fa766493,Anderson Dos Santos
f0fad0e9f3b65752,Jamey Simmons
20999e27ddd94bda,Ryan Benoit
2e585c701f72fe55,Ian Heinisch
c7d297714d9ab1a4,Marion Reneau
f4c49976c75c5ab2,Conor McGregor
f9f07bb5a43535ed,Carlos Condit
16690d100f995f8f,Omari Akhmedov
c9587d81e1d33925,Jerome Rivera
e51fcd9cd84c0b93,Michel Prazeres
304a21d0595e1a08,Justin Jaynes
813550bc53b15fb0,Yancy Medeiros
e9213f53ddeca978,Dhiego Lima
2c5a0b8317f8f27a,Roque Martinez
e99821959a840bb8,Lara Procopio
427b5953ac8e3a27,Demian Maia
03f982ca3735070c,Walt Harris
f6e5972c9d16c40e,Victor Rodriguez
7a703c565ccaa18f,Jacare Souza
cf946e03ba2e7666,Kevin Aguilar
068f8a189a47fea6,Maurice Greene
84ff027394f7e470,Gregor Gillespie
ae071698e1a3ccd4,Christian Aguilera
9cd047a828dd7515,KB Bhullar
96428b9e9bd048ea,Luke Sanders
348dff4e03bd18c6,Stefan Sekulic
928ae2e5b5f7a9ec,Justine Kish
2844b047183a1adb,Luis Pena
ccf5dc41417e9daf,Juan Espino
e17ac6410c8377f4,Bartosz Fabinski
c5a126ace82a6025,Anthony Birchak
f2b6fdb20675b11c,Mike Perry
8614b7134913f5d5,Jarjis Danho
1eff7bc0f815b270,Yorgan De Castro
2af2f2e26c4c0402,Hunter Azure
ebef46976554f975,Jordan Griffin
effd9de9937996f8,Tyron Woodley
2b074403b7c6cdb4,Thomas Almeida
90e0985df05e51bc,Ray Rodriguez
a0e75f4a13eb73f1,Megan Anderson
80eacd4da0617c57,Joseph Benavidez
215a70f073a7b726,Jordan Espinosa
003d82fa384ca1d0,Aalon Cruz
9c907996820d2d69,Jimmie Rivera
ed2a8cc402173781,Vince Cachero
122ac9b816d8b71c,Shana Dobson
b4ad3a06ee4d660c,Alistair Overeem
ea3dcc417c322064,Martin Day
52e76bb4b3e852f3,Antonio Carlos Junior
6fb1ba67bef41b37,Nik Lentz
acb36c908d415c4a,Vinicius Moreira
1588b787bda7b540,Tom Breese
2ac4628c08ec5125,Markus Perez
9b7dfb3b7d99926a,Vanessa Melo
539ed332b3078821,Sarah Moras
637bd06c32219f0b,Jacob Kilburn
cbb682f5fcc44bfc,Anthony Pettis
40d8b74488743800,Carlton Minus
63def5a5662a6917,Junior Dos Santos
d21113c9ff3788ae,Peter Barrett
eb29176b03dfa888,Matt Wiman
36549928f90f1d36,Jose Quinonez
be68b375707dcb85,Spike Carlyle
01784fbc27c68b14,Rachael Ostovich
cf65d56b0755ed3b,Alan Jouban
e5010b1b94ca5755,Paul Felder
9cfbfae5fa1fdd93,Geraldo de Freitas
ec34349e7dffcde7,Claudia Gadelha
899923ff6ab13917,Bevon Lewis
7bde387d50829adf,Eduardo Garagorri
1f454354805b6f75,Anderson Silva
045f25b3a4c08e81,Jack Marshman
f9a20a17d712ef7c,Cole Williams
ba1e6cb3d43f7430,Justin Ledet
032cc3922d871c7f,Khabib Nurmagomedov
f300763147320d12,Liliya Shakirova
ebc1f40e00e0c481,Stefan Struve
d06f8869449ba7bd,Alexander Yakovlev
8f6a18831a120817,James Krause
e9ac7bfb65c25497,John Phillips
af997f7611673880,Gadzhimurad Antigulov
e87a13e02c01331d,Ali AlQaisi
3f7dab21b6c971bc,Dequan Townsend
6eaec40f724852f4,Jessin Ayari
82e7929bf6c2b689,Diego Sanchez
6a11e325aa60ad02,Jeff Hughes
c3218c810959d279,Khadis Ibragimov
cbd3e590a85b18c5,Mirsad Bektic
82cbb809d5ee565c,Mara Romero Borella
06a80a685ea98573,Irwin Rivera
7c9f96f9a6a5cd50,Brok Weaver
3c5005b66696d790,Anthony Ivy
7f0f171414d0a287,Zelim Imadaev
56709e66f1c6008f,Cole Smith
3974fa35c917af1d,Ricardo Lamas
37cc294027f55e4d,Austin Springer
2244d9a2b64b8c3b,Hannah Cifers
d967f0128c323de6,Daniel Cormier
99506df1af6c8b3b,John Dodson
9ba2226646046b63,Frankie Saenz
73e09f837f3b5ecc,Rogerio Nogueira
492b202d2064e7a9,Fabricio Werdum
1fcfc3709fe58151,Peter Sobotta
41f90012b86a11bf,Raphael Pessoa
776a58a67665a171,Nad Narimani
654ae722109a0d31,Joe Duffy
ec52462a1b41f714,Brett Johns
0052de90691d4a93,Davi Ramos
bebb4ae55ac2bf6f,Chris Fishgold
4d5197f331c47290,Paige VanZant
f7d73e452b064bf2,Danny Henry
d61316139d68dbe3,Roman Bogatov
4e0692ad070976e4,Lyman Good
b53c46f613f6f248,Brianna Fortino
1cf7ccf64a5bf24e,Oskar Piechota
59a27d2e6d0802ac,Max Rohskopf
f57dd0bfa8c17813,Mark De La Rosa
5331b25a60417ffb,Anthony Rocco Martin
76ee3d666c648f6b,Charles Byrd
b102c26727306ab6,Jussier Formiga
e5c9de15bb58b1c6,Evan Dunham
7279654c7674cd24,Klidson Abreu
a4de54ea806fb525,Ray Borg
e2ccd9a9ace60de7,Aleksei Kunchenko
be0b310a12eb80b4,Enrique Barzola
f77c68bb4be8516d,Yoel Romero
88d7b6d8230e1f3f,Saparbeg Safarov
31ee470ef5dc8d7f,Thiago Alves
f797f0c57a83353e,Trevor Smith
1bcaac2d99b90fce,Sergio Moraes
2c99576fefe53c7c,Renan Barao
e0f959f65d0406b4,Isabela de Padua
87aa9fb63d6b51a1,Zabit Magomedsharipov
9b7694d064a8a0ad,Rustam Khabilov
d3fa5c5955397532,Grigory Popov
5e4eec08896c9423,Corey Anderson
1ddb480b601cefb1,Chance Rencountre
0b31f87be71ebbb1,Ben Askren
31a13532e724ca2b,Stevie Ray
c17041f1bb5768d8,Alex White
e76d9f656ceb82ab,Aleksandra Albu
326f94d6cfb1bf25,Ben Sosoli
3bad7ef643840f67,Joe Lauzon
2dc1bc1a02961656,Manny Bermudez
c5af5750e8bae4f0,Kyle Bochniak
98e946879ba20c0f,Boston Salmon
f86cb5f25d545e0e,Daniel Spitz
6256b2b1562cb8e1,James Vick
e7f51d9f9e9259e7,Thomas Gifford
c487223b0289bda9,Hector Aldana
f923e012414c883e,Lauren Mueller
4c288a2b250bb576,Luke Jumeau
1fc64507a0cb38cf,Rostem Akman
8fc9ae9c7527dfcb,Callan Potter
6e7506127408aa9e,Nadia Kassem
c3f6db17cea09ca7,Danilo Belluardo
aec185309b4843d0,Siyar Bahadurzada
f97c5433c77522d3,Nohelin Hernandez
9c44f290f5726d95,Martin Bravo
225def29ecfe0fc1,Carlos Huachin
edd02825c29028fe,Marco Polo Reyes
de75d1c45a39e221,Sergio Pettis
72e5e5a6edfa8223,Marcos Mariano
bda04c573563cc2e,Todd Duffee
35e1f9984ed64206,Ryan MacDonald
8f5c8850b2484173,Mairbek Taisumov
8f4eeaf7a0df7c1a,Teemu Packalen
49858bf46dabf6fb,Nordine Taleb
68c7ad953455c73f,Don Madge
714e1e0681ddb703,Derrick Krantz
d0e50a3d1b250708,Andre Soukhamthath
411539901068522f,Jodie Esquibel
51a0c09cbe9b8472,Liz Carmouche
2c2caf2f2bab9df5,Humberto Bandenay
d76ad9a08c4408ff,Bobby Moffett
98a6b2361045898f,Dong Hyun Ma
025f0b1b58fbad01,Darko Stosic
cbf1c7ba5408a66f,Salim Touahri
634bb0de2eb043b4,Cristiane Justino
55ee431411ccf07a,Olivier Aubin-Mercier
3fa7688bfe48a493,Yoshinori Horie
1641ef250e9de19b,Sarah Frota
99bd87a300079ed9,Erik Koch
bb61823f76361297,Kyle Stewart
83b00f7597e5ac83,Juan Adams
002ca196477ce572,Gabriel Silva
7c9c6a884be167fe,Jin Soo Son
78114b7199cef90c,Urijah Faber
dbc17725b887860a,Cezar Ferreira
0d62719b1dcf7c40,Sheymon Moraes
1de9ad94de18eeaf,Nicco Montano
31bbd39c0a075d4e,Pingyuan Liu
aa5b4eff51bdc7d1,Gilbert Melendez
66e98b3bb5fc5250,Dan Moret
c482c8605455a213,Junior Albini
a851c35f58199231,Syuri Kondo
a9d6e047ce48ab63,Allen Crowder
b9664eae2ac75262,Eric Spicely
1e1dbd1cc5a7469e,Jimi Manuwa
fbf0537e420e698e,Daniel Teymur
6e0e977beb909837,Sung Bin Jo
b12a1d19ee383b7c,Tonya Evinger
2816ced060a21be3,Nick Hein
d6ead04919a894b1,Duda Santana
f046d724d2a84ac5,Desmond Green
e51e5cb722bd47a8,Patrick Cummins
73c7cfa551289285,BJ Penn
5b2325cd70dbe2ea,Talita Bernardo
34f88592c0ab7a54,Elias Theodorou
7e511f8d842a109d,Arjan Bhullar
b8592b4a383696cd,Mitch Gagnon
75afb06215a07341,Dmitrii Smoliakov
c268b2cfebccf652,John Lineker
484acc7b0f856ce9,Ben Saunders
e45cfa47f504033a,Jason Gonzalez
ac29d508d78384c9,Marcelo Golm
e70de1859b7ee78e,Sultan Aliev
65ddc8a9ac4e8531,Keita Nakamura
31d7446b184e3305,Magomed Mustafaev
5aedf14771ca82d2,Wilson Reis
f1928a52590c5532,Curtis Millender
d2c55d1d2e67773b,David Branch
8f382b3baa954d2a,Jessica Aguilar
4f732e58ed907eff,Ross Pearson
ce1e867808ef5fce,Justin Willis
25af5e832f17b474,Jesus Pinedo
a0c64f272b65d441,Eric Shelton
c07efc18b231f170,Jordan Rinaldi
c80095f6092271a7,Tim Boetsch
47cd337b86b1af92,Zak Ottow
198994b47f395af0,Carlo Pedersoli Jr.
0ff11cc094e887bc,Cain Velasquez
08e908ed6d18d6a0,Myles Jury
bf0e700106d00e55,Austin Arnett
88cd34d836b4ebcd,Teruto Ishihara
2296125b6c362355,Wulijiburen
2747c60e42d9d75f,David Teymur
87f19d19f4cb73f8,Magomed Bibulatov
f53c1f4ceeed8c08,Dustin Ortiz
6f242453c91a5af0,Dennis Bermudez
ef44e4ea9050f2ea,Te Edwards
b5b684eac99ae0a3,Chad Mendes
3ecd936bd8814108,Cat Zingano
72ffecf712673af1,Adam Milstead
e51ee8ded927fc51,Chris de la Rocha
2fc7e9701642ca38,Matthew Lopez
c03a5022f8439f2a,Chad Laprise
eef9b891edbd4604,Mark Hunt
192520689012c7e4,Suman Mokhtarian
acff437707625fc7,Yushin Okami
840d2c82ea68b9aa,Ben Nguyen
ac5a7400da3a9a41,Elias Garcia
35faad160d346839,Mizuto Hirota
803bebcfb6d6f506,Alex Gorgees
78863e4a28204a6b,Justin Frazier
5ef0088c1b19beeb,Bryan Caraway
34218661c44ed55d,Michel Batista
18e8b7070228e728,Darrell Horcher
9b1e3fb4f8cbd5b7,Ricky Rainey
d1528ac5675558b1,Rashad Coulter
7c3c48cf54a2848e,Yuta Sasaki
065eb44700e641a4,Devin Powell
d4a31850a7457f1b,Amanda Cooper
3956bdc8ab2e54b3,John Gunther
b12fc8a41e82d3a2,Joby Sanchez
bb1a2cdad6ff34db,Jason Knight
efa1f6b42c86793c,Adam Wieczorek
02f2a9702ba3d167,Artem Lobov
a2b12c3f3d60ff69,Alex Garcia
51e86de150ee8be6,Thibault Gouti
7d96bc577e5178b2,Gray Maynard
4c7781da8c6cae93,Ryan LaFlare
e5bda12faabfc850,Luis Henrique
cfb65863d5099327,Thales Leites
db1f2ed63b54b9a7,Hector Lombard
26b63bc5c0c1f65d,Alex Chambers
231cae8b77fbbcc1,Khalid Murtazaliev
5d7bdab5e03e3216,CB Dollaway
633a45d131192ffe,Kajan Johnson
99bcdf5eac39898f,Jordan Johnson
0a95c474e61a6c44,Adam Yandiev
ba5e253af86db1a8,Terrion Ware
3dd949593346dbc3,Craig White
81d9df19e255b8b6,Jarred Brooks
546f8599a63c29da,Robert Sanchez
d81ac739417d7f53,Jake Ellenberger
92437c6775b3f7d1,John Moraga
990bd63726a577f8,Tim Williams
2f95a3c6d58b2aad,Iuri Alcantara
6c7e25571490aa3b,George Sullivan
27b164b0d1833df0,Kalindra Faria
53ec9cb470e1a4ea,Jon Tuck
8a304bfd6bf04a57,Demetrious Johnson
d2036f31c035e0d1,Jose Torres
b76c6268dc1d3c05,Danielle Taylor
33a331684283900f,Eddie Alvarez
2aa49b3766a59bcd,Jordan Mein
74d35fbc9c6a61bd,Alvaro Herrera Mendoza
4bcb6eb12b4ad4aa,Vitor Miranda
103b06d8707895a9,Emil Meek
917a5cb9821df261,Jeremy Kimball
42a7e90605df3c8a,Damian Stasiak
ed9d8ee3a4239b1c,Sage Northcutt
9fa568ad2bf2cb0b,Justin Scoggins
4690d47bf725fd98,Gokhan Saki
882d62561063a927,Jamie Moyle
946db8a378903cc3,Joe Giannetti
683ea28a198936fe,Jay Cucciniello
472f6f6e6d962f40,Barb Honchak
f75c5ca0d91b9115,Richie Smullen
523af801b3429015,Allan Zuniga
f5f6419c5f00abad,Tyler Diamond
0b8d512c79b4baf3,Matt Bessette
5140122c3eecd307,Daichi Abe
71002dbc1743b9a7,Felipe Arantes
55ed59d541f8b90c,Rolando Dy
4665f9f909cd7214,Shinsho Anzai
d50382dc0565a9e1,Viviane Pereira
199eb7cf6ae90294,Naoki Inoue
ec664422b22d9787,Jenel Lausa
8c020156779f7888,Melinda Fabian
a8c9d16fe2a14d72,CM Punk
ee779c43a8926d52,Rashad Evans
bc656db347f31e19,Mike Santiago
75e5fec9f72910ef,Gleison Tibau
69f01b25dfabaf6b,Mads Burnell
bdcbb976816fd256,Daniel Kelly
34e552520a934063,Brad Scott
09f579be4520394a,Diego Rivas
01fcef7e3d051722,Henry Briones
1b38a2b897f6209c,Felipe Silva
f7a7f7118d4b01b6,Lyoto Machida
0ee783aa00e468f0,Vitor Belfort
4b1d46a1b5c0fd11,Alberto Mina
984d15d5dc7bfcf9,James Bochnovic
9ccf8371fd80d45d,Luan Chagas
39330403ad27c2bb,Patrick Williams
907e60fd13407e1e,Bec Rawlings
e979c76341f19b22,Tom Duquesnoy
330bafba312face4,Oliver Enkamp
85ff1b9471d35238,Dmitry Sosnovskiy
ad56b3f00ca38dfd,Mark Godbeer
f5990c11974d8e9c,Mike Pyle
f50d95223751e6ca,Russell Doane
544d7460b3e44393,Albert Morales
1999ffb5cebc314f,Brian Camozzi
6da99156486ed6c2,Joshua Burkman
9be6020024133293,Cyril Asker
d024ed963e8bf7ea,Damien Brown
826475cc758e60e6,Rob Wilkinson
68f6e96c5fa6e044,Jeremy Kennedy
cc900af167fbedfd,Timothy Johnson
2fee10d5cf86bfca,Maia Stevenson
a4e85a58fbce64b2,Joe Soto
fa37628269132d1a,Godofredo Pepey
75a6a390fd5dca46,Juliana Lima
b69f24c500d783e7,Francimar Barroso
71f048adbfed5b49,Sabah Homasi
8a56ea383fd26e52,Galore Bofando
e14b5aa06eea9653,Abel Trujillo
04b39f4e8eb59d7c,Oluwale Bamgbose
5866fc86183a9fb8,Erick Silva
2a4200ead401a9ce,Carls John De Tomas
fae67903c4fe636b,Antonio Braga Neto
bd878a638e0e3be3,Angela Magana
404ecb2700844072,DeAnna Bennett
c7be22a47a58365a,Christina Marks
b59037262c8fe060,Ryan Janes
2db0c114414d4f06,Karine Gevorgyan
b96939f2b8d88e82,Ariel Beck
2b93ebd9f5417ad2,Michael Bisping
dd12382f28296f7b,Wang Guan
7dfb56f24fe5ddea,Bobby Nash
05b43e0ead3df345,Kailin Curran
efd2b3e9bb7965a4,Bharat Kandare
fcce75a25c14a804,Bojan Velickovic
e9bc5748e6a76bb6,Ashkan Mokhtarian
b6e6c3b1dcaae0a1,Will Brooks
c727c7d31c50c4cf,Anthony Hamilton
a8e6a69796280f17,Nate Marquardt
5e84a859c6a82288,Michel Quinones
d761b3766e38c5db,Marcel Fortuna
6506c1d34da9c013,Georges St-Pierre
0941df56f6ac954b,Johny Hendricks
ed209f6618c82e41,Hacran Dias
9123c54d0a2b72dd,Christian Colombo
cd01f0b768a32475,Jonathan Wilson
bf43fed8f29e1671,Marcin Held
1ebdcb7488d0ebee,Pearl Gonzalez
ec71a892fada28c7,Marco Beltran
3be081c29bf734d9,Takanori Gomi
b0bd0c5425668b8f,Henrique da Silva
24174a3f44ce8e03,Chan-Mi Jeon
203c957eac95dd87,Hyun Gyu Lim
78d48d3874dacafd,Azunna Anyanwu
4ac1ecf8ce59ef23,Jason Saggo
c76ec2bc3a57666a,Mitch Clarke
7dcf06c1967801c1,Adriano Martins
37e03538c960bac6,Abdul-Kerim Edilov
d6285cba1d1052e0,Bojan Mihajlovic
66ab58d0b3783607,Andrew Holbrook
449c890bd90f3374,Hector Sandoval
0dba4df5f34d5ff0,Rafael Natal
3f11b5d4bd76a6d9,Damian Grabowski
c8097968da5e5f13,Chris Wade
96c336b463e0662c,Frankie Perez
8d5350fa18b79e9a,James Mulheron
49a74b9fb2e45fdf,Neil Seery
e81dd0bb8a64b550,Charlie Ward
76984112f697631f,Leslie Smith
470fedbc8563ac47,Daniel Omielanczuk
3236bf606fe9fa5b,Travis Browne
dd992d569aaebee6,Jesse Taylor
7195e2a932686f82,Nick Roehrick
cc81c92fe2254935,Tom Gallicchio
2d447cc91bdaa545,Joachim Christensen
5f87a5c00b3d17ed,Dennis Siver
1f4b04a926ef1287,Johnny Case
30ea504870f8597b,Josh Stansbury
9bcf8603ceb25680,Dong Hyun Kim
0749d968e932df53,Tarec Saffiedine
c13042265355a290,Kwan Ho Kwak
68c11c27d4d56572,Dominique Steele
71df36d6d8cf0d74,Kiichi Kunimoto
0c670b443c3d269f,Jim Wallhead
2b6d855c6e280fb1,Alex Nicholson
6c2030e0a143a94b,Chris Camozzi
e25bcbcdaf6537a1,Reza Madadi
8b5f9ea38184ded3,Nicholas Musoke
443f60bec7c3c3d5,Michael McBride
9eef6584fab21fbb,Cindy Dandois
a36556bb1565e32d,Joe Proctor
3f7c14c7eca7195d,Roy Nelson
7ea1f74cef32f906,Rashid Magomedov
3d5b1ce6097dbb49,Augusto Mendes
15ec018d144710db,Nathan Coy
365fee2da473b177,Anthony Johnson
232c582f29f8f65e,Gegard Mousasi
9fa3bd637edd9aa2,Patrick Cote
1971869b7e054261,Mike de la Torre
c945adc22c2bfe8f,Brad Pickett
06827d70c53ff0d9,Scott Askham
b71ce838b01f2cad,Rony Jason
f215cfbd4ba3c270,Garreth McLellan
b8aef0faf4ce9b31,Sam Sicilia
bf9bc96336922271,Alex Ricci
f9081770e28ea2e1,Reginaldo Vieira
64360e618823a8e4,Phillipe Nover
1c86754617d9813a,Roan Carneiro
64788ee44b062ded,Michinori Tanaka
eeabcd4dc6619129,Daniel Jolly
3ec1e4ba98c9c85a,JC Cottrell
202b0467521c9d6f,Viktor Pesta
1a98c9dbb7fc3959,Jocelyn Jones-Lybarger
8bdac25ce0bb874d,Ronda Rousey
638cfec7ec559d6e,Brandon Thatch
282fa667ff9c51ed,Cole Miller
c06a9b48d4132c8e,James Moontasri
48e093ea1f43a053,Takeya Mizugaki
0ccab7c889ede9ea,Fredy Serrano
3c660c90d48fc80d,Tim Kennedy
46a2f24feb258ae0,Valerie Letourneau
57ab4d7c0bc09a30,Zach Makovsky
cb52f9490c2dc069,Sean O'Connell
83825fad27ab3581,Joseph Gigliotti
8ce87f7e3a9baed2,Tiago dos Santos e Silva
e3779ef06e98f185,Keith Berish
494b0bfdbac74502,Brendan O'Reilly
28c55b4087a6f136,Elvis Mutapcic
7339d340aa2889cb,Kyle Noke
3058888c33149a53,Yusuke Kasuya
165c244bcca3ed26,Seo Hee Ham
5823ceab56741617,Jonathan Meunier
303a05a7aa3ff761,Richard Walsh
c169545ab0825f44,Geane Herrera
2c1170b825f58e57,Guangyou Ning
5ea918ea81b7dee2,Yao Zhikui
c0ab242c40decc55,Ryan Bader
cc6f9d1e89f3449a,Manvel Gamburyan
0e21976afc92e4d1,Magnus Cedenblad
3dd92ff9fb0412b3,Ali Bagautinov
1536a25e16fc299b,Anna Elmose
072a10e85f7d4bff,Milana Dudieva
dd4c16777fb2ccf9,Heather Clark
af62f99eb7606308,Erik Perez
8163cd7de0342652,Erick Montano
459e4dc69ec669b2,Jason Novelli
4665cbf36b08193b,Chris Avila
1ccf4e7caff270df,Dan Henderson
ff6a1f63c254127e,Albert Tumenov
fb41432b622992a9,Lukasz Sajewski
eff47295daf721a6,Tamdan McCrory
5713c1d2fac539ac,Cody East
9c42a0de8e012870,Kelly Faszholz
8349d55cdecd393a,Antonio Silva
4b8fb0453a596b8e,Hector Urbina
00a3ff40c4b2cf21,Glaico Franca Moreira
6e0273f9478be71e,Kenny Robertson
4a1329cc8eb0928a,Maximo Blanco
94508d80e1f885fc,Augusto Montano
cc98d857b148e33a,Leonardo Guimaraes
0778f94eb5d588a5,Joey Gomez
0c5c66ddd1886b83,Caio Magalhaes
ab850a77a0fa487d,Sean Spencer
ad3f53c454cbbead,Josh Barnett
9a2d3567abc02e34,Tae Hyun Bang
d1e1fdcea7c8a90a,Leandro Issa
159da492e000afbf,Leandro Silva
8d9586726252dbf7,Kevin Casey
784285b7ae7dd85f,Shane Campbell
5b5307450405abf0,Rick Story
dcbf01d605681ad1,Elizabeth Phillips
9450848a71d53776,Lorenz Larkin
8f2deefe8c5dfb5d,Alberto Uda
cd85b48dc880fabd,Horacio Gutierrez
80d918336163b80c,Tatsuya Kawajiri
7ea4a9f07df33a45,Francisco Rivera
3f1d23b01c552a13,Michael Graves
49f78022126bf4a4,Cesar Arzamendia
fe5a9547479396ab,Jim Alers
d0314416a7f26527,Michael McDonald
9deff9e3e8d94d47,Josh Samman
175852708cb55776,Cristina Stanciu
5904b0b38dc6718d,Cody Pfister
513c6f1715e547a8,Brock Lesnar
23a6e307077c6ccc,Enrique Marin
8a59d346dc976a10,Thiago Tavares
b8c0f30ee9a98b69,Fernando Bruno
9ab9912e0f8fa6d6,Cory Hendricks
8c822811eedc11ad,Anton Zafir
e4d2564ea0e34e2b,Mehdi Baghdad
8270c00fae24c922,Dileno Lopes
12f1b140e248bdb9,Jerrod Sanders
cbd5d3cdd862e90e,Rory MacDonald
e023fa2e648ea0f1,Steve Bosse
55f446032177b119,Chris Beal
7cdd3e5d3aa9cb39,Yan Cabral
2de91c2244ad7e89,Dominic Waters
6ded9184b2284645,Willie Gates
56c9acc4e86046a2,Chris Kelades
92b62174c175ce19,Clint Hester
83fd97284f4bb4a4,Efrain Escudero
270b89c00ef0c55c,Gabriel Gonzaga
53278852bcd91e11,Igor Pokrajac
d7adfcfdf7c6c1f8,Ian Entwistle
38ed5a2299230227,Filip Pejic
7413b80dbb0f8f9f,Lucas Martins
1dafccb62a0f98ec,Robert Whiteford
1ff9589f9065a9ed,Frank Mir
f5431394fb284bb9,James Te Huna
40ff198adda94b9f,Mark Eddiva
f9ae6914f604aa9f,Rin Nakai
d221ee27afc7a60e,Viscardi Andrade
4d44f37107f01b9b,Tom Lawlor
0c9c0a43d3f3f49d,Marcelo Guimaraes
9b198c73e3d0d289,Justin Salas
cfaf010d5b389c09,Mike Wilkinson
dfae5da5676e4194,Chris Dempsey
3623bd267a2eef2e,Yaotzin Meza
14ff46596ad80609,Norman Parke
bcad7223af3c19da,Martin Svensson
d512d9f204059f57,Joe Riggs
7e47047d0971d566,Daniel Sarafian
f40ec51dd4de47c3,Jonavin Webb
91ea901c458e95dd,Jared Rosholt
5c1ca0c72b599a3c,Rafael Cavalcante
b7ffa72aa148599a,KJ Noons
9f755fb04cc21499,Noad Lahat
4638cc6479cc0afe,Masio Fullen
8f0d576beba1cfcd,Matt Dwyer
938ad489fb7a1f31,Levan Makashvili
948880beac71f028,Felipe Olivieri
ba280572acfba13f,Matt Mitrione
5f99b2bafb10305f,Daron Cruickshank
c2e3e67b5911bfb7,Diego Brandao
57bad6a84230f0c9,Tony Sims
f3a078277b3b8ff4,Masanori Kanehara
ec2d13a87d3d9541,Sheldon Westcott
8d49545dadf9b919,Edgar Garcia
36df8e119aec6175,Sarah Kaufman
d1e7fc58d4225cdf,Danny Castillo
cf615eb4b7862c76,Hayder Hassan
d53482bef23235ba,Marcio Alexandre Junior
aac6edb0d5e0b7e9,Marcin Wrzosek
22061ff217907c78,Konstantin Erokhin
236a37d96d476164,Mike Pierce
6448e57a9533b7e4,Abner Lloveras
fc31f896cde2bc2e,John Howard
69a400af4420cd6a,Andreas Stahl
c1ea9d56cd953586,Emily Kagan
2676b28836a5a836,Benson Henderson
b0550072e5f0afa7,Yoshihiro Akiyama
aed06011bf62237b,Dongi Yang
a00ec21cfbba17b6,Yui Chul Nam
6905d45bd71b50a9,Leo Kuntz
0b64d0fed453ef7f,Scott Jorgensen
30b577b112bef42d,Vernon Ramos Ho
777dea713da2441d,Valmir Lazaro
c136b2a8852da5bd,Akbarh Arreola
4b4753d19489297f,Anthony Perosh
8a9c6c4301f6d088,Danny Martinez
54578e5927adea53,Richie Vaculik
6e92eb1242b46636,Steve Montgomery
185fb0200a4605e6,Steve Kennedy
a3be148af5c7b088,Piotr Hallmann
1fb80f46d3c105d9,Fabio Maldonado
6c7020b859c7a3ce,Edimilson Souza
7a39bbac8cc0fa70,Gasan Umalatov
6c011be66326ad97,Bruno Korea
6e7c758f5cdec01a,Paddy Holohan
0d0351c20169a499,Jon Delos Reyes
c575ab451e3c5b1d,Mickael Lebout
e50cd77732d39967,Aisling Daly
67a992d4cff22466,Ericka Almeida
99c7610aa74995d3,Cathal Pendred
132505067f08c54d,Bubba Bush
369e1ce458ef50a6,Ruslan Magomedov
ca2efc9d7d523c43,Shawn Jordan
97a6bbe6e6566a94,Francisco Trevino
b2e3aca4cd363477,Chris Cariaso
32be4b7f7de1c905,Chico Camus
3c0437fbeda06962,George Roop
44470bfd9483c7ad,Katsunori Kikuno
bc8f6b42767e28df,Naoyuki Kotani
fe5ca7ef93c3f6a7,Roger Zapata
cc900c6a71ed23f3,Clay Collard
6dd758d34da8d254,Ron Stallings
d38e8c6ae2dfc051,Nazareno Malegarie
501b07aec9b8fc2d,Sam Stout
b4eeac608fc82f88,Yves Jabouin
52ba464d9068d871,Elias Silverio
6809c31286b08d97,Tom Watson
2525a853486ee670,Sirwan Kakai
72c4b253d2f5ebf2,Roman Salazar
4f11e9ce318ffbcb,Anthony Christodoulou
ee9d73f4fee9cbdd,Antonio Rodrigo Nogueira
60029bcf496bd707,Soa Palelei
f95381efb3051d81,Hugo Viana
22aa91e402d0fe1f,Ramsey Nijem
a7ddae0be8b78147,Jessamyn Duke
19db7ac26308178f,Ivan Jorge
9310418684bc896f,Pawel Pawlak
8bbc0cfc01bc1ba1,Leonardo Mafra
8bb6f4479685bbcc,Vaughan Lee
523f6ad11dbe9b53,Hans Stringer
3f56b99447f00607,Paul Redmond
81801f57bd0a7c41,Marcus Brimage
a566371ba2ad7152,Josh Thomson
dbea8c1cb327ab3d,Igor Araujo
7c6e87729e824ef4,Ildemar Alcantara
8a70ceb3edbe757b,Andrew Craig
d0c29452d3272603,Dan Miller
bffeb123b21c9aad,Darrell Montague
9fe85152f351e737,Mike Swick
3e61082025db8137,Yosdenis Cedeno
8cad40a75e5c97f5,Eddie Gordon
e82d5f54daa85a7e,Joe Merritt
2ff2e6e5abea3e53,Lewis Gonzalez
f2ad06f1007c481a,Alan Omer
39cc64bf0a269db9,Niklas Backstrom
81b8b3fb019dc69d,Antonio Dos Santos
32ba186f4b0e3267,Brian Ebersole
e56daf7725a0b5ab,Justin Edwards
aa6e591c2a2cdecd,Ricardo Abreu
45230be0641f3f53,Leonardo Morales
bc3ec52ef70fc155,Ryan Jimmo
32c03df3c9760069,Wendell Oliveira Marques
2153a7f8396a46cc,Luiz Dutra
f65dcb22dada2223,Josh Sampo
05560764359161e4,Constantinos Philippou
179f1948dc234f1f,Mark Munoz
172c2135e70f87b7,Luke Barnatt
7b310409440c9102,Zhang Lipeng
b9c03e7a4557e542,Royston Wee
57887765f831e228,Roldan Sangcha'an
9eb069062a0cfc13,Nolan Ticman
ef7fa30364cbe7f2,Hatsu Hioki
77350fd0e6d1dba8,Lisa Ellis
00debc804e2b1cd4,Dylan Andrews
1e7483dbff40b84b,Vik Grujic
e18a19001a3f7c7d,Alptekin Ozkilic
ffc088e64fab57e9,Quinton Jackson
49f4b511932f71e9,David Michaud
e5ecaf884b6da2bc,Chris Clements
ffdeb4fbea09ce75,Jessica Rakoczy
893d51aaf024eddd,Jimy Hettes
c32fb8c0f6471a4d,Mirko Filipovic
fd5b6598a3b70c0a,Seth Baczynski
4fcf6e0c4e0e6664,Izabela Badurek
5c2ce761399dc9c5,Marcin Bandel
0d1c163b206e8c5f,Rocky Lee
960d6cae8879ba2b,Robert Peralta
9b75954db8db2a08,Justin Jones
dd37fd509af89f15,Josh Koscheck
8ef4a91ac694b7ce,Shayna Baszler
064b7dc68d786254,Cain Carrizosa
ddf3e0ea10ea6d8c,Jorge de Oliveira
abd2109bc4cb0291,Bentley Syler
3a12a2f096a6d975,Roger Narvaez
3aa794cbe1e3484b,Josh Copeland
33e00249ef08d3a4,Jake Lindsey
16b89be2f5c16fba,Larissa Pacheco
4834ff149dc9542a,Norifumi Yamamoto
7e208569469c8bc8,Ruan Potts
e4e0f310b3cf23a8,Alex Torres
ed74afc8b5b47a61,William Macario
1d36f1ac66cf689d,Josh Shockley
b4c96c3d9139bf0e,Patrick Walsh
a4dc47001f202bcd,Rodrigo de Lima
701e057d63c124d9,Ian McCall
9147679e1a4ad4a3,Richardson Moreira
993d385f5a475375,Andy Enz
902ab9197b83d0db,Phil Davis
3f52ce18fb98008f,Akira Corassani
b6c4451cb13c9303,Andy Ogle
1d4bbaabd8b60173,Stanislav Nedkov
a7de976620f2ed13,Shane Howell
7b39035fae7268b8,Matt Van Buren
3a524c6700addc24,Tateki Matsuda
b72a60a0cadff408,Louis Gaudinot
a20d7dfaba74c067,Rodrigo Damm
a9bcf8717dd12532,Mats Nilsson
4ae4049426e0161d,Alexis Dufresne
b7ad576b8ae115e6,Mike Rhodes
5fceb45939fc0c8a,Tom Niinimaki
a54fc2d6fc224dc3,Jamie Varner
8e8e4487c621aa1c,Joe Ellenberger
129537073431e52e,Garett Whiteley
fe91d254db77a7fc,Dustin Kimura
c295de4e10acd4c9,Isaac Vallie-Flagg
5f04e3d58d9ce982,Yves Edwards
85d0fafb8b75d634,Juan Manuel Puig
bad8be5827ea1bf1,Chris Heatherly
e9e7e1c8ff289e1b,Humberto Brown Morrison
c4731f43693b96b8,Rodolfo Rubio Perez
98f6da59d765ec94,Charlie Brenneman
c10eb2f12c489f6d,Tim Gorman
fb79582c410d049e,Wagner Silva
d403b1a6f278c95e,Vagner Rocha
e7fe5315b1efeb92,Guto Inocente
2284092f8b63273b,Luke Zachrich
1ed32eaaba9ffe10,Jumabieke Tuerxun
7abe471b61725980,Fabricio Camoes
da1d8d76404bb6b5,Bruno Santos
6bf5a7d3e081ade2,Anthony Njokuani
8abf70f79e9e27c2,Tor Troeng
b406da701c479076,Ernest Chavez
2650e2f846a30f64,Amir Sadollah
276c60b14b571dd4,Takenori Sato
c4af2feb4b58bc3b,Kazuki Tokudome
36207c58e854cae5,Dashon Johnson
30a09e43f15f1d75,Paulo Thiago
ffc3e6daaa6da0b7,Johnny Bedford
3591d0d5d382a381,Francis Carmont
b57edace7b647f07,Matt Hobar
d4f364dd076bb0e2,Cung Le
d3c554d6e11fc9d6,Jianping Yang
efb9a43415a56d34,Sai Wang
c06d554ce1713fd3,Danny Mitchell
173acb3f920082b8,Roland Delorme
69e8c632135af48b,Anying Wang
2c6e81426dd7573c,Jack May
b959e8c7fd8390d2,Kyle Kingsbury
575360be653ad6a6,Hernani Perpetuo
d188a3b817860ec6,Steven Siler
ba043b03eb799063,Phil Harris
564c2f5f9eb45d67,Mike King
7bc96507e4b38d3b,Cody Donovan
50d2f0018bcf9eef,Pat Healy
e5ca2bc2451a5956,Tina Lahdemaki
87f3bbf52e6c9dc9,Daniel Spohn
d2a9be6bf2de624c,Robert Drysdale
d6d5da3c209884bc,Guilherme Vasconcelos
2e25c1d983c26311,Colton Smith
d5b7fac960e58920,Chris Indich
89a407032911e27e,Brendan Schaub
bc7230f231701d66,Mike Easton
e5d03e4d966126bd,Jason High
5431dccc09118234,Lance Benoist
fb8a3025ae722e64,Bobby Voelker
fc60ecf0671b9489,Chris Holdsworth
1ad381c8994c4e5b,Ben Wall
f3a853544e4413c4,Anthony Lapsley
d0a5ef38a7778ac2,Estevan Payan
cf9d24e4bd0cf2ce,Mark Bocek
bd21a1e3d41c97ee,Ronny Markes
c1a5d3843596df92,Thiago Perpetuo
fe435e440b5de0ff,Jake Shields
44bc27bfa76dcd9e,Renee Forte
901cddcbfa079097,Will Campuzano
5cafbc97dba2e797,Robert McDaniel
ccd1299e0345e0ce,Melvin Guillard
43563a32c3f10e95,Cyrille Diabate
28f3c2258a1d8874,John Hathaway
5755960ebd0b16f6,Ivan Menjivar
80dbeb1dd5b53e64,Nam Phan
d8d7b24d276c8cb0,Albert Cheng
8f2939f5fd9cca1e,TJ Waldburger
15b1b21cd743d652,Rafaello Oliveira
ff4c3ab594c7fac3,Cristiano Marcello
f8fe2053d73d7bcf,Nick Catone
915c8d39d4a0e7d1,Ramiro Hernandez
af90b10c785ced3e,Mike Rio
36fbaa49a09ff997,Brian Houston
10657c60ce349e0f,Shunichi Shimizu
db5dc7cb80d7d418,Will Chope
16af2d5a6f28bee2,Quinn Mulhern
0876d21328cf4a45,Dave Galera
d43a048a880efdff,Chris Leben
86f582852a5b240a,Mac Danzig
7be63795363029e8,Cody McKenzie
3b9f723e2720a238,Roger Bowling
6546af7ab545b90c,Darren Uyenoyama
658c3465581ae46b,Pat Barry
981ab7a0576f76a0,Julie Kedzie
b13da0b1a3aed3e7,Nick Ring
92b36014314b028b,Peggy Morgan
48d1f690b763934c,Chael Sonnen
bbfca6d5c27d9cd8,Edwin Figueroa
b35ba64b6a2bbcb3,Jose Maria
7f955f71fa2ce7ac,Alessio Sakara
5dfe71ade71f3a4b,Rosi Sexton
b7f38813485745da,Michael Kuiper
896c322f56b8be5a,George Sotiropoulos
1e327b281ef6a745,Adlan Amagov
c3bd649a9194e50c,Jeremy Larsen
55f80a8aeffcdb33,Dustin Pague
2924886ee9c4c527,Thiago Silva
98b80a717b9bda17,Matt Hamill
46baf0f57edfa4df,Joey Beltran
8ddf9c51c5fdea75,Rousimar Palhares
8f3df4c579cfbb69,David Mitchell
14aa21bc82cac57d,Iliarde Santos
3c921b1a30fdcbdd,Mike Ricci
1abfb658cd4f8533,Nandor Guelmino
e363b21261814830,Marcos Vinicius
be4076c9e8d791e3,Joao Zeferino
cd12227edd3f134b,Keith Wisniewski
0fb1e2694a39a02f,Yuri Villefort
fa315e6c77eee106,Brandon Vera
a01e84abefd85ec0,Pascal Krauss
46fd223e3ced39b3,Ryan Couture
23459ee7e373b98f,Jared Hamman
8b69839f3555a67b,Martin Kampmann
eee7dafac7d672b5,Brian Melancon
c9f6385af6df66d7,Papy Abedi
19a8cce18a1cef9e,James Head
c4fe2e9a06ea5bcb,Ben Alloway
e0b74df14f52cd15,Mike Brown
88a9bc81271ccd89,Vinny Magalhaes
837d30395faca41e,Sheila Gaff
48e96d9cea6d4ab0,Josh Clopton
acd9513399a8b09b,Ednaldo Oliveira
a17322f99ddfd8e9,Bristol Marunde
f2c8ebbeafd45f2b,Aaron Riley
7bd94b60d7521e4a,John Albert
a6bbd3df469c6bea,Roger Gracie
cbd6f1abf955e628,Dave Herman
0d506315895efffc,Sean Pierson
1a7745388839e52b,John Maguire
49e49b54e5901d0d,Eddie Mendez
d23ccf4a6c221284,Karlos Vemola
a26198ba5093147e,TJ Grant
2c64c035485906aa,Nah-Shon Burrell
b26d3e3746fb4024,Brian Bowles
03c9994c5b8958ec,John Cholish
27d65e9d0fba61ea,Roger Hollett
a1b0715c4fd2dbd3,Azamat Gashimov
4130a743d9d22163,Alan Belcher
1eacf73d6a0055dc,Cheick Kongo
917e53fa0adea0d3,Leonard Garcia
5abf827d62f98fee,Clifford Starks
54ed8dc6f8c31207,Gilbert Smith
16bf6a73bdd302cd,Collin Hart
ddbe4fa2ea573393,Jimmy Quinlan
4304992c2acc187b,Bart Palaszewski
879f6cae48d25baa,Justin Lawrence
6ef65b6a152e49d5,Philip De Fries
8e5bfd4e82352340,Pablo Garza
b27b8881d7444114,Adam Cella
411d012af19ecb59,Chris Spang
98ec9f385cca47fc,Besam Yousef
7d09200f6a77b20e,Colin Fletcher
fef3d17e27e916e7,Antonio Carvalho
57bf89d42364d39e,Issei Tamura
4417980b3e798abf,Reuben Duran
a1f6999fe57236e0,Wanderlei Silva
579fcdfcabd23a7b,Brian Stann
7c35f869033901ae,Riki Fukuda
d1a1314976c50bef,Josh Neer
e6c5908910cc26e4,Lavar Johnson
706f8e2b34e8e18b,Anton Kuivanen
bfc2fc38a0e20211,Matt Grice
01d2ed8c502e3828,Caros Fodor
64959f90b6dd9759,Brock Jardine
a0602dd050bebefc,Jon Manley
f8dc544e7077d014,Jorge Santiago
6cadfd8f1d9e7685,Che Mills
d023ae89a2a4a41e,Matthew Riddle
33011768c3c4dc9a,Terry Etim
7b143a54451263d9,Paul Sass
60ba33c3f555a7a3,Josh Grispi
d34636a85f0f4c90,Motonobu Tezuka
1e35aa8955794580,Ulysses Gomez
6f018c039b4d5d80,Jon Fitch
5bb0a618ad03ac64,Jay Hieron
6f81b6de2557739a,Jacob Volkmann
c0c36a5b3d5bbdd5,Mike Stumpf
ccdd90bd1fc7dab6,Vladimir Matyushenko
353de740bb6c7e75,Mike Russow
fea8acf9bfcf09ec,Simeon Thoresen
7cf20446453f852b,Milton Vieira
3a24769a4855040a,Diego Nunes
e983c62faf677ab2,Pedro Nobre
7f6ef4e1227600bc,Wagner Prado
c0eecd851dbf3146,CJ Keith
ecdf14f4f8643d39,Byron Bloodworth
85980f5da429c0a6,Shane del Rosario
b0a6124751a56bc4,Jonathan Brookins
8b260672a21d1fd6,John Cofer
edad57b3dddf2168,Jared Papazian
5a6e4d2f0c76a242,Manuel Rodriguez
b788862dd1c11eac,Brendan Loughnane
879b8df81523d91b,Nick Penner
76729a829623e266,Henry Martinez
182f2b78582de3d8,Marcus LeVesseur
0a97691039c4bbfb,Mark Hominick
fdf18227faa596dd,Chad Griggs
d897897060f10a3a,Rich Franklin
c23e3d4875340d8d,Zhang Tiequan
97a8f39186f489db,Jeff Hougland
c34e5849184b08c3,Yasuhiro Urushitani
0bcfe2513cb3bc39,Tom DeBlass
c6a33ff198aaaeeb,Stephan Bonnar
10559c53de0b950e,Joey Gambino
24b033b3daf1c9df,Luiz Cane
d5f820c11a121050,Aaron Simpson
4f853e98886283cf,Carlo Prater
75e0d3cc2262b732,Shane Roller
473ce3aa581251a2,Dan Hardy
84ac950d4c1722dd,Duane Ludwig
322a56923b396b4d,DaMarques Johnson
f59e9e49ef85b469,Jason Young
92aafa8f4b26269b,Walel Watson
b2a2da86546ddb19,Buddy Roberts
0871254cd790c250,Tommy Hayden
fbf0947399d14323,Ken Stone
2b4faacc16d66898,Eiji Mitsuoka
dcdd511ff757f15c,Oli Thompson
9f842be1a5337be6,Michihiro Omigawa
c96e2ae6021144a1,Damacio Page
b0f316c60f8d3b47,Josh Ferguson
cc3147b49c7d7d92,Dan Stittgen
fcffee71cff5530e,Forrest Griffin
2f732dd9210d301f,Tito Ortiz
7a15f3694c5cbc02,John Alessio
afc2a7ce0c763bd5,Yoislandy Izquierdo
2937cb502dda0808,Anistavio Medeiros
970beed85bc46b63,Delson Heleno
86061eaba822bfea,John Teixeira
db6d5f691aea3fd3,Wagner Campos
f34312c2ccfa0e00,Spencer Fisher
7bc475b0fc2020ab,Luis Ramos
e9e1acc96536bb4f,Ricardo Funch
4f736494fc733095,Carlos Eduardo Rocha
7a613f78dd7ee8f8,Bernardo Magalhaes
e57fdbea1b828202,Jake Hecht
de12bd65e2f46478,Pat Schilling
1d1b85389a05df69,Chris Tickle
b35a159f525764eb,Chris Saunders
b2f88c04c4dd43ce,Jason Miller
ee624ee2a18f2a43,Jorge Lopez
2be6596a9db33bf5,Jason MacDonald
ece280745f8727b8,Kamal Shalorus
a8ea84cbe1655f0a,Jeff Curran
d18dbcb0f8e2b55d,Alex Soto
e4aaaa34535e32b6,Nick Denis
5b2d7906aa894274,Mike Massenzio
33b2f68ef95252e0,Miguel Torres
cc84b68f862b466f,Eddie Yagin
53f84637dfffab7a,Eric Wisely
11f8860028b68fcf,Aaron Rosa
51b1e2fd9872005b,Mackens Semerzier
f1f9e48a0d150757,Steve Cantwell
8c8c92a12621d7e0,Chris Cope
0577808d22dfe79c,Jon Olav Einemo
80779d7441af1b52,Christian Morecraft
cb46dface0e28a2c,Jorge Rivera
f59f1d3a2ff13edd,Eric Schafer
22edaf53ad59a967,Daniel Roberts
696002b59f09d73b,Joseph Sandoval
d0d7160824278840,Junior Assuncao
56116a79e4deed06,Claude Patrick
59583ff832fe9d68,Krzysztof Soszynski
8a8a84b743ae7699,Dennis Hallman
210935fd21670f6d,Rich Attonito
1cecc8fe6748a532,Stephen Bass
e503aa5c252a1b4d,Dustin Neace
497ba5b12a4bfc47,Jason Brilz
8cb76103cd8a1562,Nick Pace
e2b8186b618b00c4,Shamar Bailey
83a477a7dba1ca58,Clay Harvison
5df17b3620145578,Cole Escovedo
c7011de4765d2497,Paul Bradley
668222c99c5c311d,Matt Lucas
6224e8d0a34264eb,Edward Faaloloto
a7d687e6ecb30981,Rob Broughton
20205040232ed0f3,Tyson Griffin
a08d909a5be6f410,Eliot Marshall
a66395395b5f1394,Danny Downes
cb139171ed1b69fe,Kenny Florian
621a6c59f88a44fe,Matt Hughes
744e098e065cfdbe,Ricardo Romero
e6147d5ab3685899,Donny Walker
e26882820f9e8df5,Mike Lullo
eea0274e153256a0,Ian Loveland
91acd6910b802a9e,Chris Lytle
d25b93992f285953,TJ O'Brien
02500fb9fd79a974,Jason Reinhardt
b45d6b73f4ca4467,Andre Winner
be5cfd73617a5b1a,Javier Vazquez
79899ecf62020f6d,Joe Stevenson
2721bb808bb2523c,Curt Warburton
68dd7b3783c19f9c,Shane Carwin
934de214814b8ff4,Jesse Bongfeldt
89b8d1bf1ff09d1d,Tim Credeur
56bc9ccb609df534,Chuck O'Neil
1f9c371c93dfd3a9,Ryan McGillivray
234f3767ff0e5701,Kendall Grove
0aa92558424ced9e,Randy Couture
8a0be41c0380188d,Charlie Valencia
aae99701b21554e4,Ryan Jensen
d7b2c0b53883ee80,Kyle Watson
7691a80e6ca3e55b,Jon Madsen
baed16f18348908e,Kris McCray
008dc37cca279def,Sean McCorkle
df2bf09c99594848,Mario Miranda
28f62d866c59c709,Waylon Lowe
91186547a7f3f758,Ricardo Almeida
aa1952ec0b3dd8e1,Kurt Pellegrino
054defd5420a551f,Rob Kimmons
9b68bf67c5695185,Todd Brown
2adb11835acd815b,Tom Blackledge
df05aa15b2d66f57,Chris Tuchscherer
6b5b9be990774f0e,Maciej Jewtuszko
9ddfb3369a3b0394,Antonio Banuelos
aac5ac38148f0528,Paul Kelly
9b74de674c355425,Paul Taylor
ccba80d4820ef557,Gabe Ruediger
219a254e15d60135,Tim Hague
eaea0fc7b76525a8,Mike Guymon
f1f37d667bcd0d27,Willamy Freire
dc5a6b2fdb27e7dc,Amilcar Alves
b7d524c77c27389b,Marcus Davis
1652f3213655b935,Phil Baroni
9c669abd35b2522f,Greg Soto
3414b50b08a10600,Antonio McKee
dbaaf42313af90fa,Joe Doerksen
a149d6bc670cdb60,Dustin Hazelett
196ed28337adc630,Pat Audinwood
338a11d3674eb2d4,Aaron Wilkinson
8e893f269d5696b2,Tyler Toner
9f7787e56a6bc0f4,Sako Chivitchian
320edfb0332b7073,Fredson Paixao
d58478ded5534695,Maiquel Falcao
c4b81cdecd5d6abe,Gerald Harris
3dc3022232b79c7a,Brian Foster
349aaa3da11eb587,Karo Parisyan
132f860d02953f4c,Goran Reljic
5b407acfe0ef9b76,Nick Osipczak
28ba5f27e473420c,Alexandre Ferreira
771b60ff889661c8,Mark Scanlon
93b9496275bbbf80,Seth Petruzelli
d29b5c4f22c6357d,Gilbert Yvel
852454c572675334,James Wilks
2a8502954f49e682,Vinicius Queiroz
c11f50e9c1513ce9,Mark Holst
cac08b8685387ca5,James McSweeney
86dfed7cc24a9fa7,Matt Serra
029880cdbf5ca089,Sean Sherk
6085ceb59087514b,Steve Lopez
60c72f7459827881,Julio Paulino
a0c139b34f11421a,John Gunderson
679a9054e2815943,Tomasz Drwal
e86bc32f5997a8f7,Forrest Petz
d10b35152277cf98,James Toney
010986ee359fb863,John Salter
b9415726dc3ec526,Rodney Wallace
a7f4d0902bb64092,James Irvin
0b5b6876c2a4723f,Steve Steinbeiss
b9d0fd83bb8a147a,Keith Jardine
85248da6e9e2f7e7,Jamie Yager
01f022fa494188e2,Josh Bryant
1f77fce698e80488,James Hammortree
a390eb8a9b2df298,Chuck Liddell
22e47b53e4ceb27c,David Loiseau
3ae10ac4df3df05c,Jesse Lennox
4c8d6fde2dde07c4,Dan Lauzon
013da757877044a2,Joe Brammer
947eccadb72f4f6f,Jesse Forbes
23725c826c481e7f,Paul Daley
27541033b97c076d,Kevin Ferguson
fb1538b46877a695,Jonathan Goulet
ab8900ae1f1dfd4c,Yoshiyuki Yoshida
aae0897825336b1a,Renzo Gracie
7e69a4b0961aa555,Brad Blackburn
5731cc327790b731,Matt Veach
1cf1310684a841f5,Mostapha Al-Turk
52cae54377b433b7,Nate Quarry
cce79e827569f26e,Ronys Torres
dc0f07928009a127,Rob Emerson
eb1723480fa2f96c,Caol Uno
a780d16cf7eed44d,Lucio Linhares
23a16ebe733e3041,Rory Markham
f0abbb6f3444dae7,Paul Buentello
9f1641c08cf8fbe2,Shannon Gugerty
052ceb8976695342,Chase Gormley
21b8a0f5c231096f,Mark Coleman
d2d37e8eeb3abc8d,Frank Trigg
231926533134ec1f,Justin Buchholz
e4a9dbade7c7e1a7,Rolles Gracie
53bb0d40905b87c0,Jay Silva
a6959da32f0e6b5d,Kyle Bradley
af5b208e97f5d382,Wilson Gouveia
2db7fa8db6bc9632,Shane Nelson
a6d8bfe9e0c8153b,Kevin Burns
0541480fbf719d86,Houston Alexander
8fa2b06572365321,Marcus Jones
5a558ba1ff5e9121,Darrill Schoonover
e78f601035d677f2,Justin Wren
4f2fcbefb668689d,Jake Rosholt
5eedbf1e9601be35,Brock Larson
fa8b9e6b0c2269f8,Jason Dent
3c241737a6069b9f,Denis Kang
37b1696e6d115957,Rolando Delgado
69b69c0178c4004d,Antoni Hardonk
38b50fd1e1b5b656,Razak Al-Hassan
e0ec3c3b6b611f7e,Hermes Franca
1fd4fbdcc67de844,Drew McFedries
daf1b84aebd6602b,Roger Huerta
a56607a451e4c70d,Chris Wilson
75f871836d41f90f,Justin McCully
04643fd03d9159cc,Marcus Aurelio
480b702debcb5433,Dan Cramer
fd87b1bbfcde9d5e,Danillo Villefort
20bcc9966affb19c,Jake O'Brien
51b0bb73a1da34bc,Mike Ciesnolevicz
edd8d5d8089a35f8,Frank Lester
3bbcd63a016d9715,Cameron Dollar
058e4e08a1ad8aba,Dale Hartt
a421465acbe59c77,Denis Stojnic
ec33146e43e58933,Xavier Foupa-Pokam
cc300e9aa3063431,Andre Gusmao
aa79d5399571068e,Brandon Wolff
5669b828e7e11329,David Kaplan
1efa064872f089d0,David Bielkheden
55a7b2d4e54ffac9,Ryo Chonan
aa03a3ca00ac6827,Carmelo Marrero
d74cba8566291bfa,Junie Browning
049d698d773eb3e1,Matt Horwich
59aaf2730b84698a,Jesse Sanders
d632d156c0549e07,Nissen Osterneck
d35c3ed553b71fa2,Joe Vedepo
9ca265dfe8323db3,Tim McKenzie
0359313549d230a1,Pete Sell
a8d521d913df4e31,Ryan Madigan
a6fd2173d5e2d7f0,Jason Day
83d0de122f2f9664,Michael Patt
3138fab619faf4d1,Brian Cobb
58bc81376286b3d3,Per Eklund
36a432f22144843e,Neil Grove
725a834930c2b5bf,Troy Mandaloniz
9583662df31d943f,Luigi Fioravanti
7d21de9c6d7c98b2,Rich Clementi
b05086131c6f5dc5,Derek Downey
2f3f12002564bb55,Steve Bruno
b2acebbef8da14ea,Akihiro Gono
f1b2a4365799c48b,Christian Wellisch
de62052b2ede65ba,Matt Arroyo
8d26912cd2aeb366,Jeremy Horn
eae4aec1a5a8ff01,Tom Egan
8fd1f27e86661ede,Alexandre Barros
3795fca327cbcf23,Antonio Mendes
b23fca14c7b79935,Ivan Serati
04c15b52c3cc1cab,Nate Mohr
68c6cd5287b473a7,Dean Lister
b51841e7c594090d,Mike Wessel
46e2ca71fd5089cb,Reese Andy
dd8aec6de7035943,Dan Evensen
5114f1b5ad4cdf72,Shane Primm
d1dcd4e96464a53d,Jules Bruchez
b18fb36a4aa00093,John Polakowski
cbf94e4c4af4ff6d,Nate Loughran
91d73ee59347ac16,Brodie Farber
3ba3b5cc94498437,Johnny Rees
abbc737317f66b81,Corey Hill
7f0b4a75ef3039a3,Eddie Sanchez
7649c4c95b824488,Josh Hendricks
04d5718ed2661e8c,Jorge Gurgel
cbe79765d44bd172,Alvin Robinson
b732b326c362fb62,Ryan Thomas
d1152823307d7e7c,Rameau Thierry Sokoudjou
6b7bc7eaf2465387,Neil Wain
a8aba6fd8a463043,Jess Liaudin
80c0bed43da0e27b,David Baron
1208ffc5be6e31ad,Samy Schiavo
6803d4d6908354ac,Brad Morris
5be86bb2f78fef2f,Jason Lambert
7450525c7ba032a0,Heath Herring
93ce4ac89e3d7652,Luke Cummo
a0b91014e9d16a76,Cale Yarbrough
f74e037b97917027,James Giboo
8f2d9ee27f206f1f,Evan Tanner
288aaa8f82040e02,Dante Rivera
05866d8c3a321856,Marvin Eastman
42078a86d3dd037b,Rob Yundt
394f55ebca199124,Ivan Salaverry
b034747dc1d15491,Kazuhiro Nakamura
cd7bafbeee1f29a0,War Machine
ad3041e61896b975,Jason Tan
622f015c81a9b13a,Travis Lutter
c8136ab8aa32c974,Kalib Starnes
da97d6c97d09c030,Charles McCarthy
9d4522df6fc49a47,Kuniyoshi Hironaka
40a604761ca7d64d,Din Thomas
35dc6220b113b7ec,Ryan Roberts
c9bbf1a0285a8076,Jeff Cox
2961be02cfb0d2c1,Roman Mitichyan
1411c630ba711b64,Tommy Speer
88c8f47241d90040,John Halverson
2a542ee8a8b83559,Tim Sylvia
4f95f74620a6b7a4,David Heath
6a92caba39b64752,Terry Martin
25433871e4eee0f4,Alberto Crane
c6d8ae3b016d5ad5,Joe Veres
1a1a4d7a29041d77,Colin Robinson
863d06a7ef8bc98c,James Lee
45bc8f98d62bd096,Jordan Radev
6ad9058b7c7898b0,Tony DeSouza
d3de4a24f7eefac8,Doug Evans
c4b6099f0d25f75e,Jared Rollins
3c48019bc387b80c,Billy Miles
f12f979b657ab876,Dan Barrera
318e629d1eb7aa49,Richie Hightower
5f6038bcdb95e3e4,John Kolosci
ee4b670e159f4a33,Dorian Price
2f1700b3a4a09bc7,Paul Georgieff
68d76fd9ecf7431d,Luke Caudillo
b2f743746e8dcfa2,Jason Black
4f4dac51adc1af4f,Diego Saraiva
ac70a4f1db1b8c40,Scott Junk
afdb76fbd86f6d11,Edilberto de Oliveira
918d9d89d4d52acc,Anthony Torres
d468288756ae3982,Renato Sobral
330ec26453c44a59,Mike Nickels
91720876db0ee468,Jason Gilliam
44260175069b6276,Jens Pulver
5330fe7e4c3af81c,Floyd Sword
2b06b6ad5db63348,Brandon Melendez
476414d2f18cd059,Andy Wang
aebfb84d1f6d2d8c,Allen Berube
15edcf67ccf5be84,Brian Geraghty
d1759b2b7be9be56,Hector Ramirez
546015aa2ad945fd,Rory Singer
3410cf010558dc8b,Scott Smith
710d93f1508f7104,Stevie Lynch
c3ea8deeba00462b,Pete Spratt
d8022d5526b1d937,Chad Reiner
7c0847d3854a95f2,Sean Salmon
817e0bdf08efce2e,Elvis Sinosic
e091482fa6648261,Assuerio Silva
8caca5857ce0e30b,David Lee
663b76da637402c3,Victor Valimaki
4908c5ee68a50ee5,Brad Imes
6ef58dabef8beb15,Josh Haynes
b14a68c533f4a4aa,Dokonjonosuke Mishima
d814f5192e58fb2f,Drew Fickett
b5ea750025697880,Rex Holman
84a067c46306a737,Sam Hoger
0597a4528ebd1307,Chris Price
7215953cd5c6254d,Ross Pointon
6aa1cbc1466e9a0b,Marcio Cruz
388abbf8832b5adf,Jeff Joslin
7b6e40a73b567072,Shonie Carter
275cafc9de131c83,Dave Menne
6776260cb0aef647,Logan Clark
43612456979e5d5e,Steve Byrnes
cbfd1d34356a004c,Jeff Monson
e670f8cc2969a789,Sherman Pendergarst
821cd80aab70d5f9,Josh Shockman
75bbd2206a15319f,Edwin DeWees
ad32471f01e7b1a5,Jeremy Jackson
ea3ef6206c7907d5,Gideon Ray
1ea8df62b3f8fea6,Justin James
63b65af1c5cb02cb,Ken Shamrock
bf41b5131545da12,Crafton Wallace
1209b5134401ca53,Mario Neto
15df64c02b6b0fde,Danny Abbadi
f3388d2cf7ab3f64,Rob MacDonald
a85998eb79650b2c,Wes Combs
83c6c3e0f8bde8ee,Cory Walmsley
e5c38954c006f15c,Yuki Sasaki
c4b9296214f4c09c,Jason Von Flue
5b5b9c6f6f270369,Kristof Midoux
2067a177a2842fbf,Sammy Morgan
b369533a577fa97c,Dan Christison
712c4db78b9373d1,Joe Jordan
d26934530dc5b248,Gilbert Aldana
06f0ffa6446c5b6d,Branden Lee Hinkle
af49a6c491ca22a3,Kristian Rothaermel
8c3f3c43c8ceb778,Justin Levens
155bfc7ed36622df,Solomon Hutcherson
429e7d3725852ce9,Royce Gracie
0bc7e61d204f2137,Fabiano Scherner
2549d63da9c456cb,Rick Davis
7d3caf0f96f1b33d,Nick Thompson
4123fd4dcc1fe937,David Terrell
21321cdfba797c52,Derrick Noble
7342fcc41a4817fa,Ansar Chalangov
f5ff7bcdcfeba3ad,Trevor Prangley
6888e31ce88f5b17,Steve Vigneault
62918a2118de08b2,Tom Murphy
49efbdc6c9f650c4,Icho Larenas
27fc9218a3653e3c,Justin Eilers
2ee09ec2a0695eb9,Mike van Arsdale
22d1e00e1aabb7c9,Mike Whitehead
e361e5c858af6ff1,Alex Karalexis
02e52b3a595f0786,Kevin Jordan
94609dd91731d428,Jeff Newton
ce47f49e5c386a9c,Kit Cope
030f08370fd1c2bb,Kerry Schall
6d7886b094b471ac,Sean Gannon
782a2a17d3e38fdf,Keigo Kunihara
453ee00c3e1ae9dd,Ron Faircloth
1dab0d1d81dd06db,Tra Telligman
e4770d5ed44a3970,Brian Gassaway
0e041d43a47d2e4b,Matt Lindland
ae58685caf8e4a0d,Bill Mahood
01daf32100ed7517,Koji Oishi
7f9f528cb72a6ed1,Travis Wiuff
b6b12014698cc345,John Marsh
aee8eecfc4bfb1e7,Bobby Southworth
f0264252e191da22,Jason Thacker
29f935654825331b,Chris Sanford
265589bdd93e7ce5,Lodune Sincaid
fdfef29ba17ee525,Alex Schoenauer
ff2c606c8bc365e3,Josh Rafferty
56b8b24f65f9f057,Mike Kyle
c24b1db4b809d41b,Renato Verissimo
253de74457bd6374,Tony Fryklund
12458872d6afae1b,Vernon White
b9e871af730f826c,Ronald Jhun
08ae5cd9aef7ddd3,Kimo Leopoldo
e09dbbd5fe3f0fe2,Curtis Stout
cb6783c39c01d896,Tiki Ghosn
4e9fb05d7e5e61b8,Wesley Correira
e0f7c4f3f67bc808,Wes Sims
60884f31ead1609c,Jonathan Wiezorek
a9a314cc77d90b6e,Wade Shipp
99dd0147dc4ef80c,Genki Sudo
952f6fa06f25a0ec,Carlos Newton
32016899d0a222a3,Lee Murray
445a98acb8985970,Falaniko Vitale
b361180739bed4b0,David Abbott
b44f39a5c6596953,Pedro Rizzo
50cc91ce2982785d,Ricco Rodriguez
c75b99887c8c3f5a,Keith Rockel
0e31bfd26cc8c503,Chris Liguori
ebc5af72ad5a28cb,Nick Agallar
d90b630e0561818b,Gan McGee
980b4e712489098e,Dave Strasser
04f9fe830cf13482,Gerald Strebendt
b4bc2e3353a770b5,Ian Freeman
7b9aa973e5c04624,Eddie Ruiz
73ef22f25d0f70e2,Romie Aram
e741536153227386,Sean Alvarez
22ee260735da0d58,Richard Crunkilton
9ccdd2ce45903f34,Mark Weir
8dc46e9a7895ce1a,Alexandre Dantas
31ceaf0e670c1578,Gil Castillo
18aecaf50f52e4c3,Phillip Miller
01b39decaf0abf6a,Benji Radach
ce783bf73b5131f9,Eugene Jackson
918db42c3637916f,Leigh Remedios
4b4fc3ddc307bc73,James Zikic
5bd533d50c8e7b8a,Chris Haseman
1975c2272ba40e71,Nick Serra
5d7c18191b8aa432,Zach Light
21b1132949f2a9b0,Steve Berger
94070f6544c4b2a5,Rodrigo Ruas
9a967e8e43dcef63,Joao Pierini
85d905f7c4f5a1af,Murilo Bustamante
b76ed59283d3559c,Tsuyoshi Kohsaka
ed73c85164a5f5a4,Paul Creighton
7aa88401f93ce836,Amar Suloev
5f2f0da6fd6a84fd,Andrei Semenov
85e26e2468b4e82f,Hayato Sakurai
cedfdf8d423d500c,Pat Miletich
6291ac0a3726732f,Pete Williams
1a225f04aa6e0739,Kelly Dullanty
95eb112a85601a0a,Jutaro Nakao
6859f67468ba8489,Kevin Randleman
b19fc66613dc75b9,Chris Brennan
afaad7d6a581e307,Bobby Hoffman
e56df3c1d8b4b1cc,Homer Moore
20ec0061400178ca,Roberto Traven
263ebd4a669e1e98,Fabiano Iha
d5ed14b2153c6ed2,Semmy Schilt
1fe7adb23b3eedfb,Yuki Kondo
26eddcda9d6b2ffe,Paul Rodriguez
6bb1d2b714d4b3bc,Joey Gilbert
a8fa0c4e95512806,Phil Johns
4604ab1de9058474,Mark Robinson
9f488f520ed25bbf,Kenichi Yamamoto
e06fd1260ac865a7,Yoji Anjo
4f74c8be51db8a37,Daiju Takase
63eedfcc73071d41,Lance Gibson
33e33d51f289d2a1,Maurice Smith
cf1a88371c8cb690,Aaron Brink
4a01dc8376736ef5,John Lewis
d62bb4d84a7267ba,Mark Hughes
df5a77121ba84a5d,Alex Stiebling
ee457ef1e1c326c1,Ben Earwood
c670aa48827d6be6,Dan Severn
1c2f2571b18791b6,Laverne Clark
b63e800c18e011b5,Tedd Williams
c7e9d15cfce52f1d,Tim Lajcik
4d74641fac830182,Brad Gumm
979f7edbb6980b0d,CJ Fernandes
d1e6a6536ee62517,Tyrone Roberts
c2a7623f398d9bd7,David Dodd
7a359ef685a304a7,Amaury Bitetti
1562b12763cc8d67,Alex Andrade
44aa652b181bcf68,Marcelo Aguiar
0f6528b461e47462,Joao Roque
040426baba8a45e8,Nate Schroeder
e7ec11096eac0282,Adrian Serrano
e4bde462b043d3e1,Sanae Kikuta
efaf544314bb5c2e,Ron Waterman
d2b1c1317a39f6c6,Satoshi Honma
ce6065baef021cf3,Ikuhisa Minowa
80e6d71e14c1d356,Joe Slick
6ece1d2ab1bed31d,Steve Judson
9bad58fa651d6196,Jermaine Andre
1c061eb6e29eaa0a,Bob Cook
09c44b317c98bf96,David Velasquez
2620f3eb21c79614,Scott Adams
d71d968dc6ecfdaf,Katsuhisa Fujii
6ceff86fae4f6b3b,Jason DeLucia
6014d25e73b669c9,Keiichiro Yamamiya
d56caaa5e123f518,Masutatsu Yano
fcaae0385b514f11,Frank Shamrock
5ca158b1cc9cb242,Jason Godsey
13c4313ed0f744f3,Brad Kohler
f341f9551ba744e2,Paul Jones
7b6ce3a9460565b5,Valeri Ignatov
1ffc38f67785797b,Lowell Anderson
1e38bba6738b7b10,Alfonso Alcarez
597db668b01c442c,Marco Ruas
bba678d312590087,Andre Pederneiras
ab35634d1a8c7a11,Flavio Luiz Moura
669a3cb6e394f515,Royce Alger
a54a35a670d8e852,Andre Roberts
911fb265462f0d94,Travis Fulton
03688dc3c3af3ac1,Bas Rutten
c61f66d8c3fd5f07,Tony Petarra
672ef06fd9f41f7d,Marcelo Mello
775bad6d700d2302,David Roberts
41e77dc504a192c6,Chris Condo
946f341df6472ee0,Guy Mezger
fbbde91f7bc2d3c5,Gary Goodridge
5898357a45a73674,Sione Latu
c058823a2595ab09,Joey Roberts
c8cca8f3de5be4b4,Jorge Patino
93892752c5fc23ca,Jerry Bohlander
4c805f5f58a75df0,Mikey Burnett
20bd6c3e03c46ee6,Townsend Saunders
a24e080000fa7a35,Darrel Gholar
44f9c777fed7ca03,Frank Caracci
31652c9267606d54,John Lober
dc950d59dc590aca,Ebenezer Fontes Braga
e8c170a64dc920ac,Tulio Palhares
c6e6926a81adcd00,Adriano Santos
e8efeb9cf33b1941,Cesar Marscucci
7ca4c3f8aa8bacae,Paulo Santos
706404da0775dcbc,Hugo Duarte
74fefd43f073cd2f,Joe Pardo
c96518b7f6881004,Bob Gilstrap
e62b36885ecdac27,Allan Goes
4dc496aa0cfc0d95,Harry Moskowitz
df2cf66d8c0123db,Noe Hernandez
108afe61a26bcbf4,Igor Zinoviev
13b2f59210dda9cc,Kevin Jackson
f70144caea5c4c80,Eugenio Tadeu
56f4b81ec4db61af,Courtney Turner
601cf40c09090853,Josh Stuart
9b5b5a75523728f3,Kazushi Sakuraba
f717b6002486f73f,Marcus Silveira
19ffeb5e3fffd6d5,Joe Charles
a7b48e18ca27795d,Mark Kerr
31c01fbc2586a5eb,Dwayne Cason
9fd1f08dd4aec14a,Dave Beneteau
a220be6d41d6f97d,Carlos Barreto
91181b29be041f1c,Greg Stott
312f47c3d2f83ffa,Houston Dorr
baa5358456803df8,Alex Hunter
f348d05403fad037,Dan Bobish
1c3f5e85b59ec710,Brian Johnston
baf942f4bcb09894,Moti Horenstein
3fed746acfd026dd,Todd Butler
df85d6ec3493d120,Joe Moreira
4679a38cced7c64a,Yuri Vaulin
1f5f75658551f2d3,Sam Fulton
8788beb528894f33,Donnie Chappell
3e514f437c51ce0a,Steven Graham
bad28b7b34f334de,Tony Halme
738acab0c6934dd8,Dmitri Stepanov
0cf935519d439ba6,Enson Inoue
7269329bd87eb479,Christophe Leninger
53e533db1b8e9712,Jack Nilson
21f2974fd08085e3,Saeed Hosseini
184b955181bdef52,Wes Albritton
977081bc01197656,Scott Ferrozzo
1d147d4163a6989b,Nick Sanzo
1a49e0670dfaca31,Jim Mullen
6420efac0578988b,Yoshiki Takahashi
da6dfd09cca1d705,Wallid Ismail
577ec7e108b94be3,Rainy Martinez
3da19339ee7051d5,Justin Martin
abbc4fc02e0d84b3,Eric Martin
4985113c0928aa62,Jackie Lee
271fe91f4ba9d2c5,Don Frye
13e62d766b709aa6,Steve Nelmark
18524b46c570730b,Mark Hall
07a18ae55dfc3cd9,Paul Varelans
de3ed2e152520c8d,Cal Worsham
2efbc83a6b9b7f86,Tai Bowden
e8fb8e53bc2e29d6,Marcus Bossett
6cbb7661c3258617,Felix Lee Mitchell
8377c5572cb356f3,Fabio Gurgel
0e9869d712e81f8f,Sam Adkins
d41937647eae9a34,Reza Nasri
c6da1c24fe473418,Julian Sanchez
b3bbe88fecd6a0d2,Dave Berry
31bbd46d57dfbcb7,John Campetella
0ec821423baa26bd,Scott Fiedler
304fcd812f12c589,Geza Kalman
0db70ca89e1c7374,Dieusel Berto
2a6f8136da1e52c0,Koji Kitao
c1684f00c626f4c0,Mark Schultz
08a7080ff5904661,Rafael Carino
8738eacd62e82a32,Matt Andersen
d3711d3784b76255,Zane Frazier
440c9dbab63528fb,Paul Herrera
ea398c802d9998ee,Thomas Ramirez
f62850b3c7480db9,Keith Mielke
1dc56b59cb28425d,Oleg Taktarov
bf12aca029bfcc47,Keith Hackney
ad047e3073a775f3,Steve Jennum
02fc8f50f56eb307,Trent Jenkins
3f24c96753dbd9f9,Scott Bessac
749685d24e2cac50,Remco Pardoel
46f11d15c0134fe3,Larry Cureton
6a0b80a24f22e152,Ryan Parker
a2b06ca02bca14c0,Harold Howard
30cd319d39ee689b,Gerry Harris
5af480a3b2e1726b,David Hood
96d173b7f92aa520,Onassis Parungao
d3b5ad3b15a64a18,Francesco Maturi
a6a9ab5a824e8f66,Joel Sutton
dedc3bb440d09554,Anthony Macias
46c8ec317aff28ac,Patrick Smith
02d276b7d62b3472,Rudyard Moncayo
c933d423ebdbbbdb,John Matua
3e03cec9767d37e6,He-Man Gipson
237187ed9f419285,Jack McGlaughlin
b60391da771deefe,Todd Medina
2b1587a3376ab743,Ernie Verdicia
32a3025d5db456ae,Jon Hess
9199e0735b83dd32,Andy Anderson
e780ccc79a209985,John Dowdy
2a7afe14b3a0a058,Asbel Cancio
81ca2c245b19b3c5,Melton Bowen
83b743fedde154fb,Joe Son
23ab42947c1990e3,Ron van Clief
adea9f0090aa8e14,Jason Fairn
ee5df903f80c6816,Eldo Xavier Dias
598a58db87b890ee,Kevin Rosier
2e04a3b4a2011b97,Roland Payne
2299605af59fd309,Emmanuel Yarborough
319fa1bd3176bded,Johnny Rhodes
a6c2f5381d575920,Orlando Wiet
8d5daf67983b65ba,Fred Ettish
be9d259be012e8a4,Scott Morris
4565d435005319c0,Minoki Ichihara
7d5b12de1625984e,Scott Baker
6e02c318762f52f1,Alberta Cerra Leon
96087e90d900f0ef,Robert Lucarelli
c3c23c99477c041b,Frank Hamaker
505934897b8b4824,Thaddeus Luster
49590e0508b2c19f,David Levicki
ea0ad155451ed1f5,Ray Wizard
a683f9ddb70aa4bd,Sean Daugherty
